mouse ,status ,count,countx,side,brain_region,cohort,removal ,wins,totalagg,prop,p_of_agg_acts,losses,pctloss,desp
76-5,nonriser,29,42,L,AH,76,1,15,23.00000046,0.6521739,65.21739,7,0.30434782,0.412
76-5,nonriser,29,16,R,AH,76,1,15,23.00000046,0.6521739,65.21739,7,0.30434782,0.412
77-12,riser,41,39,L,AH,77,1,18,22.99999987,0.7826087,78.26087,0,0,0.575
77-12,riser,41,43,R,AH,77,1,18,22.99999987,0.7826087,78.26087,0,0,0.575
78-9,nonriser,15.5,18,L,AH,78,1,0,0,0.1176471,11.76471,0,0,0.947
78-9,nonriser,15.5,13,R,AH,78,1,0,0,0.1176471,11.76471,0,0,0.947
76-11,riser,106.5,66,L,AH,76,2,30,60.99999736,0.4918033,49.18033,2,0.032786887,0.489
76-11,riser,106.5,147,R,AH,76,2,30,60.99999736,0.4918033,49.18033,2,0.032786887,0.489
77-3,nonriser,57.5,57,L,AH,77,2,3,12,0.25,25,0,0,0.319
77-3,nonriser,57.5,58,R,AH,77,2,3,12,0.25,25,0,0,0.319
78-5,riser,54.5,13,L,AH,78,2,5,7.00000014,0.7142857,71.42857,0,0,0.585
78-5,riser,54.5,96,R,AH,78,2,5,7.00000014,0.7142857,71.42857,0,0,0.585
75-3,riser,144.5,110,L,AH,75,3,9,27.0000027,0.3333333,33.33333,0,0,0.55
75-3,riser,144.5,179,R,AH,75,3,9,27.0000027,0.3333333,33.33333,0,0,0.55
76-8,nonriser,92.5,74,L,AH,76,3,3,37.99999924,0.07894737,7.894737,8,0.21052632,0.333
76-8,nonriser,92.5,111,R,AH,76,3,3,37.99999924,0.07894737,7.894737,8,0.21052632,0.333
77-6,riser,93,84,L,AH,77,3,14,22.99999819,0.6086957,60.86957,0,0,0.462
77-6,riser,93,102,R,AH,77,3,14,22.99999819,0.6086957,60.86957,0,0,0.462
78-12,nonriser,49.5,73,L,AH,78,3,0,0,0,0,0,0,0.968
78-12,nonriser,49.5,26,R,AH,78,3,0,0,0,0,0,0,0.968
75-7,nonriser,55.5,76,L,AH,75,4,9,30.99999793,0.2903226,29.03226,4,0.129032267,0.622
75-7,nonriser,55.5,35,R,AH,75,4,9,30.99999793,0.2903226,29.03226,4,0.129032267,0.622
76-6,riser,66,57,L,AH,76,4,21,21,1,100,0,0,0.629
76-6,riser,66,75,R,AH,76,4,21,21,1,100,0,0,0.629
77-9,nonriser,60.5,22,L,AH,77,4,0,0,0,0,0,0,0.583
77-9,nonriser,60.5,99,R,AH,77,4,0,0,0,0,0,0,0.583
78-2,riser,157,155,L,AH,78,4,15,30,0.5,50,1,0.033333333,0.952
78-2,riser,157,159,R,AH,78,4,15,30,0.5,50,1,0.033333333,0.952
75-5,riser,35.5,26,L,AH,75,5,30,33.00000033,0.9090909,90.90909,0,0,0.64
75-5,riser,35.5,45,R,AH,75,5,30,33.00000033,0.9090909,90.90909,0,0,0.64
76-4,nonriser,25,20,L,AH,76,5,4,18.0000018,0.2222222,22.22222,1,0,0.455
76-4,nonriser,25,30,R,AH,76,5,4,18.0000018,0.2222222,22.22222,1,0,0.455
77-5,riser,41,41,L,AH,77,5,32,35.00000055,0.9142857,91.42857,0,0,0.596
75-9,nonriser,5.5,6,L,AH,75,6,4,12.0000012,0.3333333,33.33333,0,0,0.321
75-9,nonriser,5.5,5,R,AH,75,6,4,12.0000012,0.3333333,33.33333,0,0,0.321
76-3,riser,2,3,L,AH,76,6,16,18.99999917,0.8421053,84.21053,0,0,0.632
76-3,riser,2,1,R,AH,76,6,16,18.99999917,0.8421053,84.21053,0,0,0.632
77-7,nonriser,2,1,L,AH,77,6,2,8,0.25,25,0,0,0.676
77-7,nonriser,2,3,R,AH,77,6,2,8,0.25,25,0,0,0.676
78-11,riser,4.5,3,L,AH,78,6,19,28.00000118,0.6785714,67.85714,1,0.035714284,0.783
78-11,riser,4.5,6,R,AH,78,6,19,28.00000118,0.6785714,67.85714,1,0.035714284,0.783
75-6,riser,60,60,R,ARC,75,1,12,20,0.6,60,0,0,0.639
76-5,nonriser,6.5,4,L,ARC,76,1,15,23.00000046,0.6521739,65.21739,7,0.30434782,0.412
76-5,nonriser,6.5,9,R,ARC,76,1,15,23.00000046,0.6521739,65.21739,7,0.30434782,0.412
77-12,riser,16,14,L,ARC,77,1,18,22.99999987,0.7826087,78.26087,0,0,0.575
77-12,riser,16,18,R,ARC,77,1,18,22.99999987,0.7826087,78.26087,0,0,0.575
78-9,nonriser,4,5,L,ARC,78,1,0,0,0.1176471,11.76471,0,0,0.947
78-9,nonriser,4,3,R,ARC,78,1,0,0,0.1176471,11.76471,0,0,0.947
75-10,nonriser,17,20,L,ARC,75,2,0,0,0,0,0,0,0.484
75-10,nonriser,17,14,R,ARC,75,2,0,0,0,0,0,0,0.484
76-11,riser,24,35,L,ARC,76,2,30,60.99999736,0.4918033,49.18033,2,0.032786887,0.489
76-11,riser,24,13,R,ARC,76,2,30,60.99999736,0.4918033,49.18033,2,0.032786887,0.489
77-3,nonriser,9.5,5,L,ARC,77,2,3,12,0.25,25,0,0,0.319
77-3,nonriser,9.5,14,R,ARC,77,2,3,12,0.25,25,0,0,0.319
78-5,riser,19,19,R,ARC,78,2,5,7.00000014,0.7142857,71.42857,0,0,0.585
75-3,riser,41.5,49,L,ARC,75,3,9,27.0000027,0.3333333,33.33333,0,0,0.55
75-3,riser,41.5,34,R,ARC,75,3,9,27.0000027,0.3333333,33.33333,0,0,0.55
76-8,nonriser,24.5,22,L,ARC,76,3,3,37.99999924,0.07894737,7.894737,8,0.21052632,0.333
76-8,nonriser,24.5,27,R,ARC,76,3,3,37.99999924,0.07894737,7.894737,8,0.21052632,0.333
77-6,riser,169,166,L,ARC,77,3,14,22.99999819,0.6086957,60.86957,0,0,0.462
77-6,riser,169,172,R,ARC,77,3,14,22.99999819,0.6086957,60.86957,0,0,0.462
78-12,nonriser,14.5,14,L,ARC,78,3,0,0,0,0,0,0,0.968
78-12,nonriser,14.5,15,R,ARC,78,3,0,0,0,0,0,0,0.968
75-7,nonriser,1,1,L,ARC,75,4,9,30.99999793,0.2903226,29.03226,4,0.129032267,0.622
75-7,nonriser,1,1,R,ARC,75,4,9,30.99999793,0.2903226,29.03226,4,0.129032267,0.622
76-6,riser,44,46,L,ARC,76,4,21,21,1,100,0,0,0.629
76-6,riser,44,42,R,ARC,76,4,21,21,1,100,0,0,0.629
77-9,nonriser,29,30,L,ARC,77,4,0,0,0,0,0,0,0.583
77-9,nonriser,29,28,R,ARC,77,4,0,0,0,0,0,0,0.583
78-2,riser,20.5,17,L,ARC,78,4,15,30,0.5,50,1,0.033333333,0.952
78-2,riser,20.5,24,R,ARC,78,4,15,30,0.5,50,1,0.033333333,0.952
75-5,riser,13.5,20,L,ARC,75,5,30,33.00000033,0.9090909,90.90909,0,0,0.64
75-5,riser,13.5,7,R,ARC,75,5,30,33.00000033,0.9090909,90.90909,0,0,0.64
76-4,nonriser,12.5,12,L,ARC,76,5,4,18.0000018,0.2222222,22.22222,1,0,0.455
76-4,nonriser,12.5,13,R,ARC,76,5,4,18.0000018,0.2222222,22.22222,1,0,0.455
75-9,nonriser,0,0,L,ARC,75,6,4,12.0000012,0.3333333,33.33333,0,0,0.321
75-9,nonriser,0,0,R,ARC,75,6,4,12.0000012,0.3333333,33.33333,0,0,0.321
76-3,riser,2.5,4,L,ARC,76,6,16,18.99999917,0.8421053,84.21053,0,0,0.632
76-3,riser,2.5,1,R,ARC,76,6,16,18.99999917,0.8421053,84.21053,0,0,0.632
77-7,nonriser,0,0,L,ARC,77,6,2,8,0.25,25,0,0,0.676
77-7,nonriser,0,0,R,ARC,77,6,2,8,0.25,25,0,0,0.676
78-11,riser,0.5,0,L,ARC,78,6,19,28.00000118,0.6785714,67.85714,1,0.035714284,0.783
78-11,riser,0.5,1,R,ARC,78,6,19,28.00000118,0.6785714,67.85714,1,0.035714284,0.783
75-6,riser,45,45,R,Aud,75,1,12,20,0.6,60,0,0,0.639
76-5,nonriser,33,49,L,Aud,76,1,15,23.00000046,0.6521739,65.21739,7,0.30434782,0.412
76-5,nonriser,33,17,R,Aud,76,1,15,23.00000046,0.6521739,65.21739,7,0.30434782,0.412
77-12,riser,6,7,L,Aud,77,1,18,22.99999987,0.7826087,78.26087,0,0,0.575
77-12,riser,6,5,R,Aud,77,1,18,22.99999987,0.7826087,78.26087,0,0,0.575
78-9,nonriser,1.5,3,L,Aud,78,1,0,0,0.1176471,11.76471,0,0,0.947
78-9,nonriser,1.5,0,R,Aud,78,1,0,0,0.1176471,11.76471,0,0,0.947
75-10,nonriser,54,57,L,Aud,75,2,0,0,0,0,0,0,0.484
75-10,nonriser,54,51,R,Aud,75,2,0,0,0,0,0,0,0.484
76-11,riser,25.5,8,L,Aud,76,2,30,60.99999736,0.4918033,49.18033,2,0.032786887,0.489
76-11,riser,25.5,43,R,Aud,76,2,30,60.99999736,0.4918033,49.18033,2,0.032786887,0.489
77-3,nonriser,4.5,8,L,Aud,77,2,3,12,0.25,25,0,0,0.319
77-3,nonriser,4.5,1,R,Aud,77,2,3,12,0.25,25,0,0,0.319
78-5,riser,28,45,L,Aud,78,2,5,7.00000014,0.7142857,71.42857,0,0,0.585
78-5,riser,28,11,R,Aud,78,2,5,7.00000014,0.7142857,71.42857,0,0,0.585
75-3,riser,589.5,626,L,Aud,75,3,9,27.0000027,0.3333333,33.33333,0,0,0.55
75-3,riser,589.5,553,R,Aud,75,3,9,27.0000027,0.3333333,33.33333,0,0,0.55
76-8,nonriser,20.5,24,L,Aud,76,3,3,37.99999924,0.07894737,7.894737,8,0.21052632,0.333
76-8,nonriser,20.5,17,R,Aud,76,3,3,37.99999924,0.07894737,7.894737,8,0.21052632,0.333
77-6,riser,82,92,L,Aud,77,3,14,22.99999819,0.6086957,60.86957,0,0,0.462
77-6,riser,82,72,R,Aud,77,3,14,22.99999819,0.6086957,60.86957,0,0,0.462
78-12,nonriser,7,10,L,Aud,78,3,0,0,0,0,0,0,0.968
78-12,nonriser,7,4,R,Aud,78,3,0,0,0,0,0,0,0.968
75-7,nonriser,33.5,43,L,Aud,75,4,9,30.99999793,0.2903226,29.03226,4,0.129032267,0.622
75-7,nonriser,33.5,24,R,Aud,75,4,9,30.99999793,0.2903226,29.03226,4,0.129032267,0.622
76-6,riser,107,110,L,Aud,76,4,21,21,1,100,0,0,0.629
76-6,riser,107,104,R,Aud,76,4,21,21,1,100,0,0,0.629
77-9,nonriser,37.5,49,L,Aud,77,4,0,0,0,0,0,0,0.583
77-9,nonriser,37.5,26,R,Aud,77,4,0,0,0,0,0,0,0.583
78-2,riser,219.5,110,L,Aud,78,4,15,30,0.5,50,1,0.033333333,0.952
78-2,riser,219.5,329,R,Aud,78,4,15,30,0.5,50,1,0.033333333,0.952
76-4,nonriser,1,2,L,Aud,76,5,4,18.0000018,0.2222222,22.22222,1,0,0.455
76-4,nonriser,1,0,R,Aud,76,5,4,18.0000018,0.2222222,22.22222,1,0,0.455
75-9,nonriser,1.5,2,L,Aud,75,6,4,12.0000012,0.3333333,33.33333,0,0,0.321
75-9,nonriser,1.5,1,R,Aud,75,6,4,12.0000012,0.3333333,33.33333,0,0,0.321
76-3,riser,1,1,R,Aud,76,6,16,18.99999917,0.8421053,84.21053,0,0,0.632
77-7,nonriser,11.5,6,L,Aud,77,6,2,8,0.25,25,0,0,0.676
77-7,nonriser,11.5,17,R,Aud,77,6,2,8,0.25,25,0,0,0.676
78-11,riser,1.5,2,L,Aud,77,6,19,28.00000118,0.6785714,67.85714,1,0.035714284,0.783
78-11,riser,1.5,1,R,Aud,77,6,19,28.00000118,0.6785714,67.85714,1,0.035714284,0.783
75-6,riser,9.5,17,L,BLA,75,1,12,20,0.6,60,0,0,0.639
75-6,riser,9.5,2,R,BLA,75,1,12,20,0.6,60,0,0,0.639
76-5,nonriser,217.5,17,L,BLA,76,1,15,23.00000046,0.6521739,65.21739,7,0.30434782,0.412
76-5,nonriser,217.5,12,R,BLA,76,1,15,23.00000046,0.6521739,65.21739,7,0.30434782,0.412
77-12,riser,97,97,L,BLA,77,1,18,22.99999987,0.7826087,78.26087,0,0,0.575
78-9,nonriser,159,142,L,BLA,78,1,0,0,0.1176471,11.76471,0,0,0.947
78-9,nonriser,159,176,R,BLA,78,1,0,0,0.1176471,11.76471,0,0,0.947
75-10,nonriser,191.5,216,L,BLA,75,2,0,0,0,0,0,0,0.484
75-10,nonriser,191.5,167,R,BLA,75,2,0,0,0,0,0,0,0.484
76-11,riser,209.5,216,L,BLA,76,2,30,60.99999736,0.4918033,49.18033,2,0.032786887,0.489
76-11,riser,209.5,294,R,BLA,76,2,30,60.99999736,0.4918033,49.18033,2,0.032786887,0.489
77-3,nonriser,4.5,2,L,BLA,77,2,3,12,0.25,25,0,0,0.319
77-3,nonriser,4.5,7,R,BLA,77,2,3,12,0.25,25,0,0,0.319
78-5,riser,13.5,25,L,BLA,78,2,5,7.00000014,0.7142857,71.42857,0,0,0.585
78-5,riser,13.5,2,R,BLA,78,2,5,7.00000014,0.7142857,71.42857,0,0,0.585
75-3,riser,77,77,L,BLA,75,3,9,27.0000027,0.3333333,33.33333,0,0,0.55
76-8,nonriser,13,6,L,BLA,76,3,3,37.99999924,0.07894737,7.894737,8,0.21052632,0.333
76-8,nonriser,13,13,R,BLA,76,3,3,37.99999924,0.07894737,7.894737,8,0.21052632,0.333
77-6,riser,18,18,L,BLA,77,3,14,22.99999819,0.6086957,60.86957,0,0,0.462
78-12,nonriser,54,100,L,BLA,78,3,0,0,0,0,0,0,0.968
78-12,nonriser,54,8,R,BLA,78,3,0,0,0,0,0,0,0.968
75-7,nonriser,49.5,50,L,BLA,75,4,9,30.99999793,0.2903226,29.03226,4,0.129032267,0.622
75-7,nonriser,49.5,49,R,BLA,75,4,9,30.99999793,0.2903226,29.03226,4,0.129032267,0.622
76-6,riser,76,50,L,BLA,76,4,21,21,1,100,0,0,0.629
76-6,riser,76,89,R,BLA,76,4,21,21,1,100,0,0,0.629
77-9,nonriser,41,38,L,BLA,77,4,0,0,0,0,0,0,0.583
77-9,nonriser,41,44,R,BLA,77,4,0,0,0,0,0,0,0.583
78-2,riser,420.5,318,L,BLA,78,4,15,30,0.5,50,1,0.033333333,0.952
78-2,riser,420.5,523,R,BLA,78,4,15,30,0.5,50,1,0.033333333,0.952
75-5,riser,40,27,L,BLA,75,5,30,33.00000033,0.9090909,90.90909,0,0,0.64
75-5,riser,40,53,R,BLA,75,5,30,33.00000033,0.9090909,90.90909,0,0,0.64
76-4,nonriser,12.5,27,L,BLA,76,5,4,18.0000018,0.2222222,22.22222,1,0,0.455
76-4,nonriser,12.5,14,R,BLA,76,5,4,18.0000018,0.2222222,22.22222,1,0,0.455
77-5,riser,12.5,7,L,BLA,77,5,32,35.00000055,0.9142857,91.42857,0,0,0.596
77-5,riser,12.5,18,R,BLA,77,5,32,35.00000055,0.9142857,91.42857,0,0,0.596
75-9,nonriser,,6,L,BLA,75,6,4,12.0000012,0.3333333,33.33333,0,0,0.321
75-9,nonriser,152,298,R,BLA,75,6,4,12.0000012,0.3333333,33.33333,0,0,0.321
76-3,riser,0.5,77,L,BLA,76,6,16,18.99999917,0.8421053,84.21053,0,0,0.632
76-3,riser,0.5,1,R,BLA,76,6,16,18.99999917,0.8421053,84.21053,0,0,0.632
77-7,nonriser,1,1,L,BLA,77,6,2,8,0.25,25,0,0,0.676
77-7,nonriser,1,1,R,BLA,77,6,2,8,0.25,25,0,0,0.676
78-11,riser,3,5,L,BLA,77,6,19,28.00000118,0.6785714,67.85714,1,0.035714284,0.783
78-11,riser,3,1,R,BLA,77,6,19,28.00000118,0.6785714,67.85714,1,0.035714284,0.783
75-6,riser,2.5,3,L,BNST,75,1,12,20,0.6,60,0,0,0.639
75-6,riser,2.5,2,R,BNST,75,1,12,20,0.6,60,0,0,0.639
76-5,nonriser,67,55,L,BNST,76,1,15,23.00000046,0.6521739,65.21739,7,0.30434782,0.412
76-5,nonriser,67,79,R,BNST,76,1,15,23.00000046,0.6521739,65.21739,7,0.30434782,0.412
78-9,nonriser,1.5,1,L,BNST,78,1,0,0,0.1176471,11.76471,0,0,0.947
78-9,nonriser,1.5,2,R,BNST,78,1,0,0,0.1176471,11.76471,0,0,0.947
75-10,nonriser,0,0,L,BNST,75,2,0,0,0,0,0,0,0.484
75-10,nonriser,0,0,R,BNST,75,2,0,0,0,0,0,0,0.484
76-11,riser,41,36,L,BNST,76,2,30,60.99999736,0.4918033,49.18033,2,0.032786887,0.489
76-11,riser,41,46,R,BNST,76,2,30,60.99999736,0.4918033,49.18033,2,0.032786887,0.489
77-3,nonriser,13.5,12,L,BNST,77,2,3,12,0.25,25,0,0,0.319
77-3,nonriser,13.5,15,R,BNST,77,2,3,12,0.25,25,0,0,0.319
78-5,riser,16.5,15,L,BNST,78,2,5,7.00000014,0.7142857,71.42857,0,0,0.585
78-5,riser,16.5,18,R,BNST,78,2,5,7.00000014,0.7142857,71.42857,0,0,0.585
75-3,riser,57,59,L,BNST,75,3,9,27.0000027,0.3333333,33.33333,0,0,0.55
75-3,riser,57,55,R,BNST,75,3,9,27.0000027,0.3333333,33.33333,0,0,0.55
76-8,nonriser,45,43,L,BNST,76,3,3,37.99999924,0.07894737,7.894737,8,0.21052632,0.333
76-8,nonriser,45,47,R,BNST,76,3,3,37.99999924,0.07894737,7.894737,8,0.21052632,0.333
77-6,riser,21,27,L,BNST,77,3,14,22.99999819,0.6086957,60.86957,0,0,0.462
77-6,riser,21,15,R,BNST,77,3,14,22.99999819,0.6086957,60.86957,0,0,0.462
78-12,nonriser,14,12,L,BNST,78,3,0,0,0,0,0,0,0.968
78-12,nonriser,14,16,R,BNST,78,3,0,0,0,0,0,0,0.968
75-7,nonriser,13.5,18,L,BNST,75,4,9,30.99999793,0.2903226,29.03226,4,0.129032267,0.622
75-7,nonriser,13.5,9,R,BNST,75,4,9,30.99999793,0.2903226,29.03226,4,0.129032267,0.622
76-6,riser,33.5,28,L,BNST,76,4,21,21,1,100,0,0,0.629
76-6,riser,33.5,39,R,BNST,76,4,21,21,1,100,0,0,0.629
77-9,nonriser,41,40,L,BNST,77,4,0,0,0,0,0,0,0.583
77-9,nonriser,41,42,R,BNST,77,4,0,0,0,0,0,0,0.583
78-2,riser,165,121,L,BNST,78,4,15,30,0.5,50,1,0.033333333,0.952
78-2,riser,165,209,R,BNST,78,4,15,30,0.5,50,1,0.033333333,0.952
76-4,nonriser,41.5,41,L,BNST,76,5,4,18.0000018,0.2222222,22.22222,1,0,0.455
76-4,nonriser,41.5,42,R,BNST,76,5,4,18.0000018,0.2222222,22.22222,1,0,0.455
77-5,riser,4,6,L,BNST,77,5,32,35.00000055,0.9142857,91.42857,0,0,0.596
77-5,riser,4,2,R,BNST,77,5,32,35.00000055,0.9142857,91.42857,0,0,0.596
75-9,nonriser,3,0,L,BNST,75,6,4,12.0000012,0.3333333,33.33333,0,0,0.321
75-9,nonriser,3,6,R,BNST,75,6,4,12.0000012,0.3333333,33.33333,0,0,0.321
76-3,riser,31,50,L,BNST,76,6,16,18.99999917,0.8421053,84.21053,0,0,0.632
76-3,riser,31,12,R,BNST,76,6,16,18.99999917,0.8421053,84.21053,0,0,0.632
77-7,nonriser,0,0,L,BNST,77,6,2,8,0.25,25,0,0,0.676
77-7,nonriser,0,0,R,BNST,77,6,2,8,0.25,25,0,0,0.676
78-11,riser,74,112,L,BNST,78,6,19,28.00000118,0.6785714,67.85714,1,0.035714284,0.783
78-11,riser,74,36,R,BNST,78,6,19,28.00000118,0.6785714,67.85714,1,0.035714284,0.783
75-6,riser,23,37,L,CA1,75,1,12,20,0.6,60,0,0,0.639
75-6,riser,23,9,R,CA1,75,1,12,20,0.6,60,0,0,0.639
76-5,nonriser,13,15,L,CA1,76,1,15,23.00000046,0.6521739,65.21739,7,0.30434782,0.412
76-5,nonriser,13,11,R,CA1,76,1,15,23.00000046,0.6521739,65.21739,7,0.30434782,0.412
77-12,riser,68.5,40,L,CA1,77,1,18,22.99999987,0.7826087,78.26087,0,0,0.575
77-12,riser,68.5,97,R,CA1,77,1,18,22.99999987,0.7826087,78.26087,0,0,0.575
78-9,nonriser,4.5,5,L,CA1,78,1,0,0,0.1176471,11.76471,0,0,0.947
78-9,nonriser,4.5,4,R,CA1,78,1,0,0,0.1176471,11.76471,0,0,0.947
75-10,nonriser,70.5,27,L,CA1,75,2,0,0,0,0,0,0,0.484
75-10,nonriser,70.5,114,R,CA1,75,2,0,0,0,0,0,0,0.484
76-11,riser,86,56,L,CA1,76,2,30,60.99999736,0.4918033,49.18033,2,0.032786887,0.489
76-11,riser,86,116,R,CA1,76,2,30,60.99999736,0.4918033,49.18033,2,0.032786887,0.489
77-3,nonriser,10,3,L,CA1,77,2,3,12,0.25,25,0,0,0.319
77-3,nonriser,10,17,R,CA1,77,2,3,12,0.25,25,0,0,0.319
78-5,riser,41,29,L,CA1,78,2,5,7.00000014,0.7142857,71.42857,0,0,0.585
78-5,riser,41,53,R,CA1,78,2,5,7.00000014,0.7142857,71.42857,0,0,0.585
75-3,riser,80.5,86,L,CA1,75,3,9,27.0000027,0.3333333,33.33333,0,0,0.55
75-3,riser,80.5,75,R,CA1,75,3,9,27.0000027,0.3333333,33.33333,0,0,0.55
76-8,nonriser,14,12,L,CA1,76,3,3,37.99999924,0.07894737,7.894737,8,0.21052632,0.333
76-8,nonriser,14,16,R,CA1,76,3,3,37.99999924,0.07894737,7.894737,8,0.21052632,0.333
77-6,riser,98,63,L,CA1,77,3,14,22.99999819,0.6086957,60.86957,0,0,0.462
77-6,riser,98,133,R,CA1,77,3,14,22.99999819,0.6086957,60.86957,0,0,0.462
78-12,nonriser,21,10,L,CA1,78,3,0,0,0,0,0,0,0.968
78-12,nonriser,21,32,R,CA1,78,3,0,0,0,0,0,0,0.968
75-7,nonriser,17,14,L,CA1,75,4,9,30.99999793,0.2903226,29.03226,4,0.129032267,0.622
75-7,nonriser,17,20,R,CA1,75,4,9,30.99999793,0.2903226,29.03226,4,0.129032267,0.622
76-6,riser,77.5,101,L,CA1,76,4,21,21,1,100,0,0,0.629
76-6,riser,77.5,54,R,CA1,76,4,21,21,1,100,0,0,0.629
77-9,nonriser,33.5,40,L,CA1,77,4,0,0,0,0,0,0,0.583
77-9,nonriser,33.5,27,R,CA1,77,4,0,0,0,0,0,0,0.583
78-2,riser,352.5,322,L,CA1,78,4,15,30,0.5,50,1,0.033333333,0.952
78-2,riser,352.5,383,R,CA1,78,4,15,30,0.5,50,1,0.033333333,0.952
75-5,riser,162,68,L,CA1,75,5,30,33.00000033,0.9090909,90.90909,0,0,0.64
75-5,riser,162,256,R,CA1,75,5,30,33.00000033,0.9090909,90.90909,0,0,0.64
76-4,nonriser,2,2,L,CA1,76,5,4,18.0000018,0.2222222,22.22222,1,0,0.455
76-4,nonriser,2,2,R,CA1,76,5,4,18.0000018,0.2222222,22.22222,1,0,0.455
75-9,nonriser,8,12,L,CA1,75,6,4,12.0000012,0.3333333,33.33333,0,0,0.321
75-9,nonriser,8,4,R,CA1,75,6,4,12.0000012,0.3333333,33.33333,0,0,0.321
76-3,riser,0,0,L,CA1,76,6,16,18.99999917,0.8421053,84.21053,0,0,0.632
77-7,nonriser,0.5,0,L,CA1,77,6,2,8,0.25,25,0,0,0.676
77-7,nonriser,0.5,1,R,CA1,77,6,2,8,0.25,25,0,0,0.676
78-11,riser,40,69,L,CA1,77,6,19,28.00000118,0.6785714,67.85714,1,0.035714284,0.783
78-11,riser,40,11,R,CA1,77,6,19,28.00000118,0.6785714,67.85714,1,0.035714284,0.783
75-6,riser,34.5,55,L,CA3,75,1,12,20,0.6,60,0,0,0.639
75-6,riser,34.5,14,R,CA3,75,1,12,20,0.6,60,0,0,0.639
76-5,nonriser,47,46,L,CA3,76,1,15,23.00000046,0.6521739,65.21739,7,0.30434782,0.412
76-5,nonriser,47,48,R,CA3,76,1,15,23.00000046,0.6521739,65.21739,7,0.30434782,0.412
77-12,riser,22.5,15,L,CA3,77,1,18,22.99999987,0.7826087,78.26087,0,0,0.575
77-12,riser,22.5,30,R,CA3,77,1,18,22.99999987,0.7826087,78.26087,0,0,0.575
78-9,nonriser,9,9,L,CA3,78,1,0,0,0.1176471,11.76471,0,0,0.947
78-9,nonriser,9,9,R,CA3,78,1,0,0,0.1176471,11.76471,0,0,0.947
75-10,nonriser,186.5,178,L,CA3,75,2,0,0,0,0,0,0,0.484
75-10,nonriser,186.5,195,R,CA3,75,2,0,0,0,0,0,0,0.484
76-11,riser,136.5,147,L,CA3,76,2,30,60.99999736,0.4918033,49.18033,2,0.032786887,0.489
76-11,riser,136.5,126,R,CA3,76,2,30,60.99999736,0.4918033,49.18033,2,0.032786887,0.489
77-3,nonriser,14.5,3,L,CA3,77,2,3,12,0.25,25,0,0,0.319
77-3,nonriser,14.5,26,R,CA3,77,2,3,12,0.25,25,0,0,0.319
78-5,riser,51,50,L,CA3,78,2,5,7.00000014,0.7142857,71.42857,0,0,0.585
78-5,riser,51,52,R,CA3,78,2,5,7.00000014,0.7142857,71.42857,0,0,0.585
75-3,riser,130.5,156,L,CA3,75,3,9,27.0000027,0.3333333,33.33333,0,0,0.55
75-3,riser,130.5,105,R,CA3,75,3,9,27.0000027,0.3333333,33.33333,0,0,0.55
76-8,nonriser,66,48,L,CA3,76,3,3,37.99999924,0.07894737,7.894737,8,0.21052632,0.333
76-8,nonriser,66,84,R,CA3,76,3,3,37.99999924,0.07894737,7.894737,8,0.21052632,0.333
77-6,riser,351.5,331,L,CA3,77,3,14,22.99999819,0.6086957,60.86957,0,0,0.462
77-6,riser,351.5,372,R,CA3,77,3,14,22.99999819,0.6086957,60.86957,0,0,0.462
78-12,nonriser,103.5,173,L,CA3,78,3,0,0,0,0,0,0,0.968
78-12,nonriser,103.5,34,R,CA3,78,3,0,0,0,0,0,0,0.968
75-7,nonriser,99.5,65,L,CA3,75,4,9,30.99999793,0.2903226,29.03226,4,0.129032267,0.622
75-7,nonriser,99.5,134,R,CA3,75,4,9,30.99999793,0.2903226,29.03226,4,0.129032267,0.622
76-6,riser,329,394,L,CA3,76,4,21,21,1,100,0,0,0.629
76-6,riser,329,264,R,CA3,76,4,21,21,1,100,0,0,0.629
77-9,nonriser,109.5,43,L,CA3,77,4,0,0,0,0,0,0,0.583
77-9,nonriser,109.5,176,R,CA3,77,4,0,0,0,0,0,0,0.583
78-2,riser,280.5,249,L,CA3,78,4,15,30,0.5,50,1,0.033333333,0.952
78-2,riser,280.5,312,R,CA3,78,4,15,30,0.5,50,1,0.033333333,0.952
75-5,riser,42,33,L,CA3,75,5,30,33.00000033,0.9090909,90.90909,0,0,0.64
75-5,riser,42,51,R,CA3,75,5,30,33.00000033,0.9090909,90.90909,0,0,0.64
76-4,nonriser,4,0,L,CA3,76,5,4,18.0000018,0.2222222,22.22222,1,0,0.455
76-4,nonriser,4,8,R,CA3,76,5,4,18.0000018,0.2222222,22.22222,1,0,0.455
75-9,nonriser,5.5,10,L,CA3,75,6,4,12.0000012,0.3333333,33.33333,0,0,0.321
75-9,nonriser,5.5,1,R,CA3,75,6,4,12.0000012,0.3333333,33.33333,0,0,0.321
76-3,riser,4.5,3,L,CA3,76,6,16,18.99999917,0.8421053,84.21053,0,0,0.632
76-3,riser,4.5,6,R,CA3,76,6,16,18.99999917,0.8421053,84.21053,0,0,0.632
77-7,nonriser,4,4,L,CA3,77,6,2,8,0.25,25,0,0,0.676
78-11,riser,3,5,L,CA3,77,6,19,28.00000118,0.6785714,67.85714,1,0.035714284,0.783
78-11,riser,3,1,R,CA3,77,6,19,28.00000118,0.6785714,67.85714,1,0.035714284,0.783
75-6,riser,18,26,L,CeA,75,1,12,20,0.6,60,0,0,0.639
75-6,riser,18,5,R,CeA,75,1,12,20,0.6,60,0,0,0.639
76-5,nonriser,9,9,L,CeA,76,1,15,23.00000046,0.6521739,65.21739,7,0.30434782,0.412
76-5,nonriser,9,33,R,CeA,76,1,15,23.00000046,0.6521739,65.21739,7,0.30434782,0.412
77-12,riser,5,5,L,CeA,77,1,18,22.99999987,0.7826087,78.26087,0,0,0.575
77-12,riser,5,5,R,CeA,77,1,18,22.99999987,0.7826087,78.26087,0,0,0.575
78-9,nonriser,0,0,L,CeA,78,1,0,0,0.1176471,11.76471,0,0,0.947
78-9,nonriser,0,1,R,CeA,78,1,0,0,0.1176471,11.76471,0,0,0.947
75-10,nonriser,9.5,18,L,CeA,75,2,0,0,0,0,0,0,0.484
75-10,nonriser,9.5,42,R,CeA,75,2,0,0,0,0,0,0,0.484
76-11,riser,16.5,18,L,CeA,76,2,30,60.99999736,0.4918033,49.18033,2,0.032786887,0.489
76-11,riser,16.5,1,R,CeA,76,2,30,60.99999736,0.4918033,49.18033,2,0.032786887,0.489
77-3,nonriser,3,1,L,CeA,77,2,3,12,0.25,25,0,0,0.319
77-3,nonriser,3,49,R,CeA,77,2,3,12,0.25,25,0,0,0.319
78-5,riser,19.5,23,L,CeA,78,2,5,7.00000014,0.7142857,71.42857,0,0,0.585
78-5,riser,19.5,0,R,CeA,78,2,5,7.00000014,0.7142857,71.42857,0,0,0.585
75-3,riser,47.5,53,L,CeA,75,3,9,27.0000027,0.3333333,33.33333,0,0,0.55
75-3,riser,47.5,12,R,CeA,75,3,9,27.0000027,0.3333333,33.33333,0,0,0.55
76-8,nonriser,4.5,4,L,CeA,76,3,3,37.99999924,0.07894737,7.894737,8,0.21052632,0.333
76-8,nonriser,4.5,5,R,CeA,76,3,3,37.99999924,0.07894737,7.894737,8,0.21052632,0.333
77-6,riser,43.5,38,L,CeA,77,3,14,22.99999819,0.6086957,60.86957,0,0,0.462
77-6,riser,43.5,1,R,CeA,77,3,14,22.99999819,0.6086957,60.86957,0,0,0.462
78-12,nonriser,10,12,L,CeA,78,3,0,0,0,0,0,0,0.968
78-12,nonriser,10,40,R,CeA,78,3,0,0,0,0,0,0,0.968
75-7,nonriser,20,35,L,CeA,75,4,9,30.99999793,0.2903226,29.03226,4,0.129032267,0.622
75-7,nonriser,20,0,R,CeA,75,4,9,30.99999793,0.2903226,29.03226,4,0.129032267,0.622
76-6,riser,60.5,88,L,CeA,76,4,21,21,1,100,0,0,0.629
76-6,riser,60.5,5,R,CeA,76,4,21,21,1,100,0,0,0.629
77-9,nonriser,21,28,L,CeA,77,4,0,0,0,0,0,0,0.583
77-9,nonriser,21,2,R,CeA,77,4,0,0,0,0,0,0,0.583
78-2,riser,35.5,31,L,CeA,78,4,15,30,0.5,50,1,0.033333333,0.952
78-2,riser,35.5,16,R,CeA,78,4,15,30,0.5,50,1,0.033333333,0.952
75-5,riser,14,16,L,CeA,75,5,30,33.00000033,0.9090909,90.90909,0,0,0.64
75-5,riser,14,10,R,CeA,75,5,30,33.00000033,0.9090909,90.90909,0,0,0.64
76-4,nonriser,0.5,1,L,CeA,76,5,4,18.0000018,0.2222222,22.22222,1,0,0.455
76-4,nonriser,0.5,9,R,CeA,76,5,4,18.0000018,0.2222222,22.22222,1,0,0.455
75-9,nonriser,0,0,L,CeA,75,6,4,12.0000012,0.3333333,33.33333,0,0,0.321
75-9,nonriser,0,15,R,CeA,75,6,4,12.0000012,0.3333333,33.33333,0,0,0.321
76-3,riser,1.5,2,L,CeA,76,6,16,18.99999917,0.8421053,84.21053,0,0,0.632
76-3,riser,1.5,0,R,CeA,76,6,16,18.99999917,0.8421053,84.21053,0,0,0.632
77-7,nonriser,0.5,0,L,CeA,77,6,2,8,0.25,25,0,0,0.676
77-7,nonriser,0.5,14,R,CeA,77,6,2,8,0.25,25,0,0,0.676
78-11,riser,1.5,1,L,CeA,77,6,19,28.00000118,0.6785714,67.85714,1,0.035714284,0.783
78-11,riser,1.5,8,R,CeA,77,6,19,28.00000118,0.6785714,67.85714,1,0.035714284,0.783
76-5,nonriser,19.5,27,L,Cing,76,1,15,23.00000046,0.6521739,65.21739,7,0.30434782,0.412
76-5,nonriser,19.5,12,R,Cing,76,1,15,23.00000046,0.6521739,65.21739,7,0.30434782,0.412
77-12,riser,8.5,3,L,Cing,77,1,18,22.99999987,0.7826087,78.26087,0,0,0.575
77-12,riser,8.5,14,R,Cing,77,1,18,22.99999987,0.7826087,78.26087,0,0,0.575
78-9,nonriser,1.5,1,L,Cing,78,1,0,0,0.1176471,11.76471,0,0,0.947
78-9,nonriser,1.5,2,R,Cing,78,1,0,0,0.1176471,11.76471,0,0,0.947
75-10,nonriser,22.5,21,L,Cing,75,2,0,0,0,0,0,0,0.484
75-10,nonriser,22.5,24,R,Cing,75,2,0,0,0,0,0,0,0.484
76-11,riser,23,24,L,Cing,76,2,30,60.99999736,0.4918033,49.18033,2,0.032786887,0.489
76-11,riser,23,22,R,Cing,76,2,30,60.99999736,0.4918033,49.18033,2,0.032786887,0.489
77-3,nonriser,1,0,L,Cing,77,2,3,12,0.25,25,0,0,0.319
77-3,nonriser,1,2,R,Cing,77,2,3,12,0.25,25,0,0,0.319
78-5,riser,17,16,L,Cing,78,2,5,7.00000014,0.7142857,71.42857,0,0,0.585
78-5,riser,17,18,R,Cing,78,2,5,7.00000014,0.7142857,71.42857,0,0,0.585
75-3,riser,49,49,L,Cing,75,3,9,27.0000027,0.3333333,33.33333,0,0,0.55
75-3,riser,49,49,R,Cing,75,3,9,27.0000027,0.3333333,33.33333,0,0,0.55
76-8,nonriser,10,6,L,Cing,76,3,3,37.99999924,0.07894737,7.894737,8,0.21052632,0.333
76-8,nonriser,10,14,R,Cing,76,3,3,37.99999924,0.07894737,7.894737,8,0.21052632,0.333
78-12,nonriser,9,4,L,Cing,78,3,0,0,0,0,0,0,0.968
78-12,nonriser,9,14,R,Cing,78,3,0,0,0,0,0,0,0.968
75-7,nonriser,12,12,L,Cing,75,4,9,30.99999793,0.2903226,29.03226,4,0.129032267,0.622
75-7,nonriser,12,12,R,Cing,75,4,9,30.99999793,0.2903226,29.03226,4,0.129032267,0.622
76-6,riser,110.5,134,L,Cing,76,4,21,21,1,100,0,0,0.629
76-6,riser,110.5,87,R,Cing,76,4,21,21,1,100,0,0,0.629
77-9,nonriser,15,9,L,Cing,77,4,0,0,0,0,0,0,0.583
77-9,nonriser,15,21,R,Cing,77,4,0,0,0,0,0,0,0.583
78-2,riser,187.5,243,L,Cing,78,4,15,30,0.5,50,1,0.033333333,0.952
78-2,riser,187.5,132,R,Cing,78,4,15,30,0.5,50,1,0.033333333,0.952
75-5,riser,22,19,L,Cing,75,5,30,33.00000033,0.9090909,90.90909,0,0,0.64
75-5,riser,22,25,R,Cing,75,5,30,33.00000033,0.9090909,90.90909,0,0,0.64
76-4,nonriser,2.5,2,L,Cing,76,5,4,18.0000018,0.2222222,22.22222,1,0,0.455
76-4,nonriser,2.5,3,R,Cing,76,5,4,18.0000018,0.2222222,22.22222,1,0,0.455
77-5,riser,17.5,20,L,Cing,77,5,32,35.00000055,0.9142857,91.42857,0,0,0.596
77-5,riser,17.5,15,R,Cing,77,5,32,35.00000055,0.9142857,91.42857,0,0,0.596
75-9,nonriser,13.5,13,L,Cing,75,6,4,12.0000012,0.3333333,33.33333,0,0,0.321
75-9,nonriser,13.5,14,R,Cing,75,6,4,12.0000012,0.3333333,33.33333,0,0,0.321
76-3,riser,4.5,1,L,Cing,76,6,16,18.99999917,0.8421053,84.21053,0,0,0.632
76-3,riser,4.5,8,R,Cing,76,6,16,18.99999917,0.8421053,84.21053,0,0,0.632
77-7,nonriser,2,2,R,Cing,77,6,2,8,0.25,25,0,0,0.676
75-6,riser,19,14,L,CortA,75,1,12,20,0.6,60,0,0,0.639
76-5,nonriser,12,85,L,CortA,76,1,15,23.00000046,0.6521739,65.21739,7,0.30434782,0.412
76-5,nonriser,12,8,R,CortA,76,1,15,23.00000046,0.6521739,65.21739,7,0.30434782,0.412
77-12,riser,17.5,21,L,CortA,77,1,18,22.99999987,0.7826087,78.26087,0,0,0.575
77-12,riser,17.5,25,R,CortA,77,1,18,22.99999987,0.7826087,78.26087,0,0,0.575
78-9,nonriser,1,9,L,CortA,78,1,0,0,0.1176471,11.76471,0,0,0.947
78-9,nonriser,1,1,R,CortA,78,1,0,0,0.1176471,11.76471,0,0,0.947
75-10,nonriser,11.5,14,L,CortA,75,2,0,0,0,0,0,0,0.484
75-10,nonriser,11.5,105,R,CortA,75,2,0,0,0,0,0,0,0.484
76-11,riser,40,0,L,CortA,76,2,30,60.99999736,0.4918033,49.18033,2,0.032786887,0.489
76-11,riser,40,30,R,CortA,76,2,30,60.99999736,0.4918033,49.18033,2,0.032786887,0.489
77-3,nonriser,17.5,11,L,CortA,77,2,3,12,0.25,25,0,0,0.319
77-3,nonriser,17.5,14,R,CortA,77,2,3,12,0.25,25,0,0,0.319
78-5,riser,40.5,1,L,CortA,78,2,5,7.00000014,0.7142857,71.42857,0,0,0.585
78-5,riser,40.5,43,R,CortA,78,2,5,7.00000014,0.7142857,71.42857,0,0,0.585
75-3,riser,124.5,144,L,CortA,75,3,9,27.0000027,0.3333333,33.33333,0,0,0.55
75-3,riser,124.5,13,R,CortA,75,3,9,27.0000027,0.3333333,33.33333,0,0,0.55
76-8,nonriser,41.5,10,L,CortA,76,3,3,37.99999924,0.07894737,7.894737,8,0.21052632,0.333
76-8,nonriser,41.5,20,R,CortA,76,3,3,37.99999924,0.07894737,7.894737,8,0.21052632,0.333
77-6,riser,125.5,0,L,CortA,77,3,14,22.99999819,0.6086957,60.86957,0,0,0.462
77-6,riser,125.5,166,R,CortA,77,3,14,22.99999819,0.6086957,60.86957,0,0,0.462
78-12,nonriser,14.5,139,L,CortA,78,3,0,0,0,0,0,0,0.968
78-12,nonriser,14.5,8,R,CortA,78,3,0,0,0,0,0,0,0.968
75-7,nonriser,10.5,0,L,CortA,75,4,9,30.99999793,0.2903226,29.03226,4,0.129032267,0.622
75-7,nonriser,10.5,7,R,CortA,75,4,9,30.99999793,0.2903226,29.03226,4,0.129032267,0.622
76-6,riser,97,63,L,CortA,76,4,21,21,1,100,0,0,0.629
76-6,riser,97,109,R,CortA,76,4,21,21,1,100,0,0,0.629
77-9,nonriser,23,3,L,CortA,77,4,0,0,0,0,0,0,0.583
77-9,nonriser,23,20,R,CortA,77,4,0,0,0,0,0,0,0.583
78-2,riser,167,38,L,CortA,78,4,15,30,0.5,50,1,0.033333333,0.952
78-2,riser,167,195,R,CortA,78,4,15,30,0.5,50,1,0.033333333,0.952
75-5,riser,15.5,18,L,CortA,75,5,30,33.00000033,0.9090909,90.90909,0,0,0.64
75-5,riser,15.5,19,R,CortA,75,5,30,33.00000033,0.9090909,90.90909,0,0,0.64
76-4,nonriser,1.5,16,L,CortA,76,5,4,18.0000018,0.2222222,22.22222,1,0,0.455
76-4,nonriser,1.5,0,R,CortA,76,5,4,18.0000018,0.2222222,22.22222,1,0,0.455
77-5,riser,12.5,85,L,CortA,77,5,32,35.00000055,0.9142857,91.42857,0,0,0.596
77-5,riser,12.5,14,R,CortA,77,5,32,35.00000055,0.9142857,91.42857,0,0,0.596
75-9,nonriser,0.5,50,L,CortA,75,6,4,12.0000012,0.3333333,33.33333,0,0,0.321
75-9,nonriser,0.5,1,R,CortA,75,6,4,12.0000012,0.3333333,33.33333,0,0,0.321
76-3,riser,0,3,L,CortA,76,6,16,18.99999917,0.8421053,84.21053,0,0,0.632
76-3,riser,0,0,R,CortA,76,6,16,18.99999917,0.8421053,84.21053,0,0,0.632
77-7,nonriser,0,26,L,CortA,77,6,2,8,0.25,25,0,0,0.676
77-7,nonriser,0,0,R,CortA,77,6,2,8,0.25,25,0,0,0.676
78-11,riser,2.5,21,L,CortA,77,6,19,28.00000118,0.6785714,67.85714,1,0.035714284,0.783
78-11,riser,2.5,2,R,CortA,77,6,19,28.00000118,0.6785714,67.85714,1,0.035714284,0.783
75-6,riser,31,47,L,DG,75,1,12,20,0.6,60,0,0,0.639
75-6,riser,31,15,R,DG,75,1,12,20,0.6,60,0,0,0.639
76-5,nonriser,43.5,49,L,DG,76,1,15,23.00000046,0.6521739,65.21739,7,0.30434782,0.412
76-5,nonriser,43.5,38,R,DG,76,1,15,23.00000046,0.6521739,65.21739,7,0.30434782,0.412
77-12,riser,50.5,43,L,DG,77,1,18,22.99999987,0.7826087,78.26087,0,0,0.575
77-12,riser,50.5,58,R,DG,77,1,18,22.99999987,0.7826087,78.26087,0,0,0.575
78-9,nonriser,14.5,14,L,DG,78,1,0,0,0.1176471,11.76471,0,0,0.947
78-9,nonriser,14.5,15,R,DG,78,1,0,0,0.1176471,11.76471,0,0,0.947
75-10,nonriser,61,39,L,DG,75,2,0,0,0,0,0,0,0.484
75-10,nonriser,61,83,R,DG,75,2,0,0,0,0,0,0,0.484
76-11,riser,65.5,64,L,DG,76,2,30,60.99999736,0.4918033,49.18033,2,0.032786887,0.489
76-11,riser,65.5,67,R,DG,76,2,30,60.99999736,0.4918033,49.18033,2,0.032786887,0.489
77-3,nonriser,31.5,26,L,DG,77,2,3,12,0.25,25,0,0,0.319
77-3,nonriser,31.5,37,R,DG,77,2,3,12,0.25,25,0,0,0.319
78-5,riser,38,42,L,DG,78,2,5,7.00000014,0.7142857,71.42857,0,0,0.585
78-5,riser,38,34,R,DG,78,2,5,7.00000014,0.7142857,71.42857,0,0,0.585
75-3,riser,48.5,48,L,DG,75,3,9,27.0000027,0.3333333,33.33333,0,0,0.55
75-3,riser,48.5,49,R,DG,75,3,9,27.0000027,0.3333333,33.33333,0,0,0.55
76-8,nonriser,29.5,14,L,DG,76,3,3,37.99999924,0.07894737,7.894737,8,0.21052632,0.333
76-8,nonriser,29.5,45,R,DG,76,3,3,37.99999924,0.07894737,7.894737,8,0.21052632,0.333
77-6,riser,120.5,113,L,DG,77,3,14,22.99999819,0.6086957,60.86957,0,0,0.462
77-6,riser,120.5,128,R,DG,77,3,14,22.99999819,0.6086957,60.86957,0,0,0.462
78-12,nonriser,20,20,L,DG,78,3,0,0,0,0,0,0,0.968
78-12,nonriser,20,20,R,DG,78,3,0,0,0,0,0,0,0.968
75-7,nonriser,36.5,39,L,DG,75,4,9,30.99999793,0.2903226,29.03226,4,0.129032267,0.622
75-7,nonriser,36.5,34,R,DG,75,4,9,30.99999793,0.2903226,29.03226,4,0.129032267,0.622
76-6,riser,83.5,93,L,DG,76,4,21,21,1,100,0,0,0.629
76-6,riser,83.5,74,R,DG,76,4,21,21,1,100,0,0,0.629
77-9,nonriser,25,14,L,DG,77,4,0,0,0,0,0,0,0.583
77-9,nonriser,25,36,R,DG,77,4,0,0,0,0,0,0,0.583
78-2,riser,156,81,L,DG,78,4,15,30,0.5,50,1,0.033333333,0.952
78-2,riser,156,231,R,DG,78,4,15,30,0.5,50,1,0.033333333,0.952
75-5,riser,93.5,34,L,DG,75,5,30,33.00000033,0.9090909,90.90909,0,0,0.64
75-5,riser,93.5,153,R,DG,75,5,30,33.00000033,0.9090909,90.90909,0,0,0.64
76-4,nonriser,2.5,5,L,DG,76,5,4,18.0000018,0.2222222,22.22222,1,0,0.455
76-4,nonriser,2.5,0,R,DG,76,5,4,18.0000018,0.2222222,22.22222,1,0,0.455
75-9,nonriser,7.5,12,L,DG,75,6,4,12.0000012,0.3333333,33.33333,0,0,0.321
75-9,nonriser,7.5,3,R,DG,75,6,4,12.0000012,0.3333333,33.33333,0,0,0.321
76-3,riser,4,4,L,DG,76,6,16,18.99999917,0.8421053,84.21053,0,0,0.632
77-7,nonriser,4.5,2,L,DG,77,6,2,8,0.25,25,0,0,0.676
77-7,nonriser,4.5,7,R,DG,77,6,2,8,0.25,25,0,0,0.676
78-11,riser,112.5,190,L,DG,77,6,19,28.00000118,0.6785714,67.85714,1,0.035714284,0.783
78-11,riser,112.5,35,R,DG,77,6,19,28.00000118,0.6785714,67.85714,1,0.035714284,0.783
76-5,nonriser,9.5,6,L,dlPAG,76,1,15,23.00000046,0.6521739,65.21739,7,0.30434782,0.412
76-5,nonriser,9.5,13,R,dlPAG,76,1,15,23.00000046,0.6521739,65.21739,7,0.30434782,0.412
77-12,riser,16,14,L,dlPAG,77,1,18,22.99999987,0.7826087,78.26087,0,0,0.575
77-12,riser,16,18,R,dlPAG,77,1,18,22.99999987,0.7826087,78.26087,0,0,0.575
78-9,nonriser,9,9,L,dlPAG,78,1,0,0,0.1176471,11.76471,0,0,0.947
78-9,nonriser,9,9,R,dlPAG,78,1,0,0,0.1176471,11.76471,0,0,0.947
75-10,nonriser,36.5,38,L,dlPAG,75,2,0,0,0,0,0,0,0.484
75-10,nonriser,36.5,35,R,dlPAG,75,2,0,0,0,0,0,0,0.484
76-11,riser,27.5,33,L,dlPAG,76,2,30,60.99999736,0.4918033,49.18033,2,0.032786887,0.489
76-11,riser,27.5,22,R,dlPAG,76,2,30,60.99999736,0.4918033,49.18033,2,0.032786887,0.489
77-3,nonriser,7.5,9,L,dlPAG,77,2,3,12,0.25,25,0,0,0.319
77-3,nonriser,7.5,6,R,dlPAG,77,2,3,12,0.25,25,0,0,0.319
78-5,riser,3,3,L,dlPAG,78,2,5,7.00000014,0.7142857,71.42857,0,0,0.585
78-5,riser,3,3,R,dlPAG,78,2,5,7.00000014,0.7142857,71.42857,0,0,0.585
75-3,riser,41,43,L,dlPAG,75,3,9,27.0000027,0.3333333,33.33333,0,0,0.55
75-3,riser,41,39,R,dlPAG,75,3,9,27.0000027,0.3333333,33.33333,0,0,0.55
76-8,nonriser,26,26,L,dlPAG,76,3,3,37.99999924,0.07894737,7.894737,8,0.21052632,0.333
76-8,nonriser,26,26,R,dlPAG,76,3,3,37.99999924,0.07894737,7.894737,8,0.21052632,0.333
78-12,nonriser,10.5,12,L,dlPAG,78,3,0,0,0,0,0,0,0.968
78-12,nonriser,10.5,9,R,dlPAG,78,3,0,0,0,0,0,0,0.968
75-7,nonriser,12,14,L,dlPAG,75,4,9,30.99999793,0.2903226,29.03226,4,0.129032267,0.622
75-7,nonriser,12,10,R,dlPAG,75,4,9,30.99999793,0.2903226,29.03226,4,0.129032267,0.622
76-6,riser,33.5,35,L,dlPAG,76,4,21,21,1,100,0,0,0.629
76-6,riser,33.5,32,R,dlPAG,76,4,21,21,1,100,0,0,0.629
77-9,nonriser,13,10,L,dlPAG,77,4,0,0,0,0,0,0,0.583
77-9,nonriser,13,16,R,dlPAG,77,4,0,0,0,0,0,0,0.583
78-2,riser,38.5,45,L,dlPAG,78,4,15,30,0.5,50,1,0.033333333,0.952
78-2,riser,38.5,32,R,dlPAG,78,4,15,30,0.5,50,1,0.033333333,0.952
75-5,riser,4.5,4,L,dlPAG,75,5,30,33.00000033,0.9090909,90.90909,0,0,0.64
75-5,riser,4.5,5,R,dlPAG,75,5,30,33.00000033,0.9090909,90.90909,0,0,0.64
76-4,nonriser,9.5,11,L,dlPAG,76,5,4,18.0000018,0.2222222,22.22222,1,0,0.455
76-4,nonriser,9.5,8,R,dlPAG,76,5,4,18.0000018,0.2222222,22.22222,1,0,0.455
77-5,riser,7.5,5,L,dlPAG,77,5,32,35.00000055,0.9142857,91.42857,0,0,0.596
77-5,riser,7.5,10,R,dlPAG,77,5,32,35.00000055,0.9142857,91.42857,0,0,0.596
75-9,nonriser,3.5,3,L,dlPAG,75,6,4,12.0000012,0.3333333,33.33333,0,0,0.321
75-9,nonriser,3.5,4,R,dlPAG,75,6,4,12.0000012,0.3333333,33.33333,0,0,0.321
77-7,nonriser,0.5,1,L,dlPAG,77,6,2,8,0.25,25,0,0,0.676
77-7,nonriser,0.5,0,R,dlPAG,77,6,2,8,0.25,25,0,0,0.676
78-11,riser,13.5,16,L,dlPAG,77,6,19,28.00000118,0.6785714,67.85714,1,0.035714284,0.783
78-11,riser,13.5,11,R,dlPAG,77,6,19,28.00000118,0.6785714,67.85714,1,0.035714284,0.783
76-5,nonriser,24,24,L,IL,76,1,15,23.00000046,0.6521739,65.21739,7,0.30434782,0.412
76-5,nonriser,24,24,R,IL,76,1,15,23.00000046,0.6521739,65.21739,7,0.30434782,0.412
77-12,riser,23,12,L,IL,77,1,18,22.99999987,0.7826087,78.26087,0,0,0.575
77-12,riser,23,34,R,IL,77,1,18,22.99999987,0.7826087,78.26087,0,0,0.575
78-9,nonriser,4,2,L,IL,78,1,0,0,0.1176471,11.76471,0,0,0.947
78-9,nonriser,4,6,R,IL,78,1,0,0,0.1176471,11.76471,0,0,0.947
75-10,nonriser,9.5,8,L,IL,75,2,0,0,0,0,0,0,0.484
75-10,nonriser,9.5,11,R,IL,75,2,0,0,0,0,0,0,0.484
76-11,riser,16,21,L,IL,76,2,30,60.99999736,0.4918033,49.18033,2,0.032786887,0.489
76-11,riser,16,11,R,IL,76,2,30,60.99999736,0.4918033,49.18033,2,0.032786887,0.489
77-3,nonriser,1,1,L,IL,77,2,3,12,0.25,25,0,0,0.319
77-3,nonriser,1,1,R,IL,77,2,3,12,0.25,25,0,0,0.319
78-5,riser,40.5,33,L,IL,78,2,5,7.00000014,0.7142857,71.42857,0,0,0.585
78-5,riser,40.5,48,R,IL,78,2,5,7.00000014,0.7142857,71.42857,0,0,0.585
75-3,riser,81,74,L,IL,75,3,9,27.0000027,0.3333333,33.33333,0,0,0.55
75-3,riser,81,88,R,IL,75,3,9,27.0000027,0.3333333,33.33333,0,0,0.55
76-8,nonriser,16.5,17,L,IL,76,3,3,37.99999924,0.07894737,7.894737,8,0.21052632,0.333
76-8,nonriser,16.5,16,R,IL,76,3,3,37.99999924,0.07894737,7.894737,8,0.21052632,0.333
77-6,riser,71,94,L,IL,77,3,14,22.99999819,0.6086957,60.86957,0,0,0.462
77-6,riser,71,48,R,IL,77,3,14,22.99999819,0.6086957,60.86957,0,0,0.462
78-12,nonriser,21.5,24,L,IL,78,3,0,0,0,0,0,0,0.968
78-12,nonriser,21.5,19,R,IL,78,3,0,0,0,0,0,0,0.968
75-7,nonriser,13,6,L,IL,75,4,9,30.99999793,0.2903226,29.03226,4,0.129032267,0.622
75-7,nonriser,13,20,R,IL,75,4,9,30.99999793,0.2903226,29.03226,4,0.129032267,0.622
76-6,riser,104.5,105,L,IL,76,4,21,21,1,100,0,0,0.629
76-6,riser,104.5,104,R,IL,76,4,21,21,1,100,0,0,0.629
77-9,nonriser,11.5,9,L,IL,77,4,0,0,0,0,0,0,0.583
77-9,nonriser,11.5,14,R,IL,77,4,0,0,0,0,0,0,0.583
78-2,riser,212,214,L,IL,78,4,15,30,0.5,50,1,0.033333333,0.952
78-2,riser,212,210,R,IL,78,4,15,30,0.5,50,1,0.033333333,0.952
75-5,riser,154,178,L,IL,75,5,30,33.00000033,0.9090909,90.90909,0,0,0.64
75-5,riser,154,130,R,IL,75,5,30,33.00000033,0.9090909,90.90909,0,0,0.64
76-4,nonriser,6,6,L,IL,76,5,4,18.0000018,0.2222222,22.22222,1,0,0.455
76-4,nonriser,6,6,R,IL,76,5,4,18.0000018,0.2222222,22.22222,1,0,0.455
77-5,riser,121,121,R,IL,77,5,32,35.00000055,0.9142857,91.42857,0,0,0.596
75-9,nonriser,33,22,L,IL,75,6,4,12.0000012,0.3333333,33.33333,0,0,0.321
75-9,nonriser,33,44,R,IL,75,6,4,12.0000012,0.3333333,33.33333,0,0,0.321
76-3,riser,12.5,11,L,IL,76,6,16,18.99999917,0.8421053,84.21053,0,0,0.632
76-3,riser,12.5,14,R,IL,76,6,16,18.99999917,0.8421053,84.21053,0,0,0.632
77-7,nonriser,2,3,L,IL,77,6,2,8,0.25,25,0,0,0.676
77-7,nonriser,2,1,R,IL,77,6,2,8,0.25,25,0,0,0.676
78-11,riser,174,191,L,IL,77,6,19,28.00000118,0.6785714,67.85714,1,0.035714284,0.783
78-11,riser,174,157,R,IL,77,6,19,28.00000118,0.6785714,67.85714,1,0.035714284,0.783
76-5,nonriser,16,31,L,LH,76,1,15,23.00000046,0.6521739,65.21739,7,0.30434782,0.412
76-5,nonriser,16,1,R,LH,76,1,15,23.00000046,0.6521739,65.21739,7,0.30434782,0.412
77-12,riser,27.5,22,L,LH,77,1,18,22.99999987,0.7826087,78.26087,0,0,0.575
77-12,riser,27.5,33,R,LH,77,1,18,22.99999987,0.7826087,78.26087,0,0,0.575
78-9,nonriser,16.5,15,L,LH,78,1,0,0,0.1176471,11.76471,0,0,0.947
78-9,nonriser,16.5,18,R,LH,78,1,0,0,0.1176471,11.76471,0,0,0.947
76-11,riser,34,32,L,LH,76,2,30,60.99999736,0.4918033,49.18033,2,0.032786887,0.489
76-11,riser,34,36,R,LH,76,2,30,60.99999736,0.4918033,49.18033,2,0.032786887,0.489
77-3,nonriser,10,18,L,LH,77,2,3,12,0.25,25,0,0,0.319
77-3,nonriser,10,2,R,LH,77,2,3,12,0.25,25,0,0,0.319
78-5,riser,23.5,4,L,LH,78,2,5,7.00000014,0.7142857,71.42857,0,0,0.585
78-5,riser,23.5,43,R,LH,78,2,5,7.00000014,0.7142857,71.42857,0,0,0.585
75-3,riser,16,17,L,LH,75,3,9,27.0000027,0.3333333,33.33333,0,0,0.55
75-3,riser,16,15,R,LH,75,3,9,27.0000027,0.3333333,33.33333,0,0,0.55
76-8,nonriser,54,50,L,LH,76,3,3,37.99999924,0.07894737,7.894737,8,0.21052632,0.333
76-8,nonriser,54,58,R,LH,76,3,3,37.99999924,0.07894737,7.894737,8,0.21052632,0.333
77-6,riser,58.5,36,L,LH,77,3,14,22.99999819,0.6086957,60.86957,0,0,0.462
77-6,riser,58.5,81,R,LH,77,3,14,22.99999819,0.6086957,60.86957,0,0,0.462
78-12,nonriser,40.5,69,L,LH,78,3,0,0,0,0,0,0,0.968
78-12,nonriser,40.5,12,R,LH,78,3,0,0,0,0,0,0,0.968
75-7,nonriser,28.5,37,L,LH,75,4,9,30.99999793,0.2903226,29.03226,4,0.129032267,0.622
75-7,nonriser,28.5,20,R,LH,75,4,9,30.99999793,0.2903226,29.03226,4,0.129032267,0.622
76-6,riser,51.5,44,L,LH,76,4,21,21,1,100,0,0,0.629
76-6,riser,51.5,59,R,LH,76,4,21,21,1,100,0,0,0.629
77-9,nonriser,11,18,L,LH,77,4,0,0,0,0,0,0,0.583
77-9,nonriser,11,4,R,LH,77,4,0,0,0,0,0,0,0.583
78-2,riser,90,99,L,LH,78,4,15,30,0.5,50,1,0.033333333,0.952
78-2,riser,90,81,R,LH,78,4,15,30,0.5,50,1,0.033333333,0.952
75-5,riser,23.5,33,L,LH,75,5,30,33.00000033,0.9090909,90.90909,0,0,0.64
75-5,riser,23.5,14,R,LH,75,5,30,33.00000033,0.9090909,90.90909,0,0,0.64
76-4,nonriser,11.5,11,L,LH,76,5,4,18.0000018,0.2222222,22.22222,1,0,0.455
76-4,nonriser,11.5,12,R,LH,76,5,4,18.0000018,0.2222222,22.22222,1,0,0.455
77-5,riser,4,4,L,LH,77,5,32,35.00000055,0.9142857,91.42857,0,0,0.596
75-9,nonriser,3.5,2,L,LH,75,6,4,12.0000012,0.3333333,33.33333,0,0,0.321
75-9,nonriser,3.5,5,R,LH,75,6,4,12.0000012,0.3333333,33.33333,0,0,0.321
76-3,riser,4,3,L,LH,76,6,16,18.99999917,0.8421053,84.21053,0,0,0.632
76-3,riser,4,5,R,LH,76,6,16,18.99999917,0.8421053,84.21053,0,0,0.632
77-7,nonriser,3.5,6,L,LH,77,6,2,8,0.25,25,0,0,0.676
77-7,nonriser,3.5,1,R,LH,77,6,2,8,0.25,25,0,0,0.676
78-11,riser,1.5,1,L,LH,78,6,19,28.00000118,0.6785714,67.85714,1,0.035714284,0.783
78-11,riser,1.5,2,R,LH,78,6,19,28.00000118,0.6785714,67.85714,1,0.035714284,0.783
75-6,riser,25.5,20,L,LS,75,1,12,20,0.6,60,0,0,0.639
75-6,riser,25.5,31,R,LS,75,1,12,20,0.6,60,0,0,0.639
76-5,nonriser,2,3,L,LS,76,1,15,23.00000046,0.6521739,65.21739,7,0.30434782,0.412
76-5,nonriser,2,1,R,LS,76,1,15,23.00000046,0.6521739,65.21739,7,0.30434782,0.412
77-12,riser,8.5,7,L,LS,77,1,18,22.99999987,0.7826087,78.26087,0,0,0.575
77-12,riser,8.5,10,R,LS,77,1,18,22.99999987,0.7826087,78.26087,0,0,0.575
78-9,nonriser,0,0,L,LS,78,1,0,0,0.1176471,11.76471,0,0,0.947
78-9,nonriser,0,0,R,LS,78,1,0,0,0.1176471,11.76471,0,0,0.947
75-10,nonriser,20.5,16,L,LS,75,2,0,0,0,0,0,0,0.484
75-10,nonriser,20.5,25,R,LS,75,2,0,0,0,0,0,0,0.484
76-11,riser,0,0,L,LS,76,2,30,60.99999736,0.4918033,49.18033,2,0.032786887,0.489
76-11,riser,0,0,R,LS,76,2,30,60.99999736,0.4918033,49.18033,2,0.032786887,0.489
77-3,nonriser,4,3,L,LS,77,2,3,12,0.25,25,0,0,0.319
77-3,nonriser,4,5,R,LS,77,2,3,12,0.25,25,0,0,0.319
78-5,riser,9,12,L,LS,78,2,5,7.00000014,0.7142857,71.42857,0,0,0.585
78-5,riser,9,6,R,LS,78,2,5,7.00000014,0.7142857,71.42857,0,0,0.585
75-3,riser,80.5,72,L,LS,75,3,9,27.0000027,0.3333333,33.33333,0,0,0.55
75-3,riser,80.5,89,R,LS,75,3,9,27.0000027,0.3333333,33.33333,0,0,0.55
76-8,nonriser,50,58,L,LS,76,3,3,37.99999924,0.07894737,7.894737,8,0.21052632,0.333
76-8,nonriser,50,42,R,LS,76,3,3,37.99999924,0.07894737,7.894737,8,0.21052632,0.333
77-6,riser,81,73,L,LS,77,3,14,22.99999819,0.6086957,60.86957,0,0,0.462
77-6,riser,81,89,R,LS,77,3,14,22.99999819,0.6086957,60.86957,0,0,0.462
78-12,nonriser,34.5,41,L,LS,78,3,0,0,0,0,0,0,0.968
78-12,nonriser,34.5,28,R,LS,78,3,0,0,0,0,0,0,0.968
75-7,nonriser,20.5,21,L,LS,75,4,9,30.99999793,0.2903226,29.03226,4,0.129032267,0.622
75-7,nonriser,20.5,20,R,LS,75,4,9,30.99999793,0.2903226,29.03226,4,0.129032267,0.622
76-6,riser,124,104,L,LS,76,4,21,21,1,100,0,0,0.629
76-6,riser,124,144,R,LS,76,4,21,21,1,100,0,0,0.629
77-9,nonriser,46,36,L,LS,77,4,0,0,0,0,0,0,0.583
77-9,nonriser,46,56,R,LS,77,4,0,0,0,0,0,0,0.583
78-2,riser,401,373,L,LS,78,4,15,30,0.5,50,1,0.033333333,0.952
78-2,riser,401,429,R,LS,78,4,15,30,0.5,50,1,0.033333333,0.952
75-5,riser,66.5,93,L,LS,75,5,30,33.00000033,0.9090909,90.90909,0,0,0.64
75-5,riser,66.5,40,R,LS,75,5,30,33.00000033,0.9090909,90.90909,0,0,0.64
76-4,nonriser,38.5,41,L,LS,76,5,4,18.0000018,0.2222222,22.22222,1,0,0.455
76-4,nonriser,38.5,36,R,LS,76,5,4,18.0000018,0.2222222,22.22222,1,0,0.455
77-5,riser,7,7,L,LS,77,5,32,35.00000055,0.9142857,91.42857,0,0,0.596
77-5,riser,7,7,R,LS,77,5,32,35.00000055,0.9142857,91.42857,0,0,0.596
75-9,nonriser,0.5,1,L,LS,75,6,4,12.0000012,0.3333333,33.33333,0,0,0.321
75-9,nonriser,0.5,0,R,LS,75,6,4,12.0000012,0.3333333,33.33333,0,0,0.321
76-3,riser,8,7,L,LS,76,6,16,18.99999917,0.8421053,84.21053,0,0,0.632
76-3,riser,8,9,R,LS,76,6,16,18.99999917,0.8421053,84.21053,0,0,0.632
77-7,nonriser,0,0,L,LS,77,6,2,8,0.25,25,0,0,0.676
77-7,nonriser,0,0,R,LS,77,6,2,8,0.25,25,0,0,0.676
78-11,riser,340.5,448,L,LS,78,6,19,28.00000118,0.6785714,67.85714,1,0.035714284,0.783
78-11,riser,340.5,233,R,LS,78,6,19,28.00000118,0.6785714,67.85714,1,0.035714284,0.783
76-5,nonriser,32.5,18,L,meA,76,1,15,23.00000046,0.6521739,65.21739,7,0.30434782,0.412
76-5,nonriser,32.5,47,R,meA,76,1,15,23.00000046,0.6521739,65.21739,7,0.30434782,0.412
77-12,nonriser,13,14,L,meA,77,1,18,22.99999987,0.7826087,78.26087,0,0,0.575
77-12,nonriser,13,12,R,meA,77,1,18,22.99999987,0.7826087,78.26087,0,0,0.575
78-9,nonriser,6.5,3,L,meA,78,1,0,0,0.1176471,11.76471,0,0,0.947
78-9,nonriser,6.5,10,R,meA,78,1,0,0,0.1176471,11.76471,0,0,0.947
75-10,nonriser,21.5,26,L,meA,75,2,0,0,0,0,0,0,0.484
75-10,nonriser,21.5,17,R,meA,75,2,0,0,0,0,0,0,0.484
76-11,riser,32,18,L,meA,76,2,30,60.99999736,0.4918033,49.18033,2,0.032786887,0.489
76-11,riser,32,46,R,meA,76,2,30,60.99999736,0.4918033,49.18033,2,0.032786887,0.489
77-3,riser,21,20,L,meA,77,2,3,12,0.25,25,0,0,0.319
77-3,riser,21,22,R,meA,77,2,3,12,0.25,25,0,0,0.319
78-5,nonriser,22,26,L,meA,78,2,5,7.00000014,0.7142857,71.42857,0,0,0.585
78-5,nonriser,22,18,R,meA,78,2,5,7.00000014,0.7142857,71.42857,0,0,0.585
75-3,riser,41,45,L,meA,75,3,9,27.0000027,0.3333333,33.33333,0,0,0.55
75-3,riser,41,37,R,meA,75,3,9,27.0000027,0.3333333,33.33333,0,0,0.55
76-8,nonriser,34,25,L,meA,76,3,3,37.99999924,0.07894737,7.894737,8,0.21052632,0.333
76-8,nonriser,34,43,R,meA,76,3,3,37.99999924,0.07894737,7.894737,8,0.21052632,0.333
77-6,nonriser,95.5,76,L,meA,77,3,14,22.99999819,0.6086957,60.86957,0,0,0.462
77-6,nonriser,95.5,115,R,meA,77,3,14,22.99999819,0.6086957,60.86957,0,0,0.462
78-12,riser,21,20,L,meA,78,3,0,0,0,0,0,0,0.968
78-12,riser,21,22,R,meA,78,3,0,0,0,0,0,0,0.968
75-7,nonriser,33.5,26,L,meA,75,4,9,30.99999793,0.2903226,29.03226,4,0.129032267,0.622
75-7,nonriser,33.5,41,R,meA,75,4,9,30.99999793,0.2903226,29.03226,4,0.129032267,0.622
76-6,riser,96.5,84,L,meA,76,4,21,21,1,100,0,0,0.629
76-6,riser,96.5,109,R,meA,76,4,21,21,1,100,0,0,0.629
77-9,riser,215,303,L,meA,77,4,0,0,0,0,0,0,0.583
77-9,riser,215,127,R,meA,77,4,0,0,0,0,0,0,0.583
78-2,riser,152.5,199,L,meA,78,4,15,30,0.5,50,1,0.033333333,0.952
78-2,riser,152.5,106,R,meA,78,4,15,30,0.5,50,1,0.033333333,0.952
75-5,riser,88.5,87,L,meA,75,5,30,33.00000033,0.9090909,90.90909,0,0,0.64
75-5,riser,88.5,90,R,meA,75,5,30,33.00000033,0.9090909,90.90909,0,0,0.64
76-4,nonriser,36,36,R,meA,76,5,4,18.0000018,0.2222222,22.22222,1,0,0.455
77-5,riser,3.5,5,L,meA,77,5,32,35.00000055,0.9142857,91.42857,0,0,0.596
77-5,riser,3.5,2,R,meA,77,5,32,35.00000055,0.9142857,91.42857,0,0,0.596
75-9,nonriser,4,3,L,meA,75,6,4,12.0000012,0.3333333,33.33333,0,0,0.321
75-9,nonriser,4,5,R,meA,75,6,4,12.0000012,0.3333333,33.33333,0,0,0.321
76-3,riser,8,7,L,meA,76,6,16,18.99999917,0.8421053,84.21053,0,0,0.632
76-3,riser,8,9,R,meA,76,6,16,18.99999917,0.8421053,84.21053,0,0,0.632
77-7,nonriser,22.5,33,L,meA,77,6,2,8,0.25,25,0,0,0.676
77-7,nonriser,22.5,12,R,meA,77,6,2,8,0.25,25,0,0,0.676
78-11,nonriser,13,17,L,meA,78,6,19,28.00000118,0.6785714,67.85714,1,0.035714284,0.783
78-11,nonriser,13,9,R,meA,78,6,19,28.00000118,0.6785714,67.85714,1,0.035714284,0.783
75-6,riser,63,63,L,mPOA,75,1,12,20,0.6,60,0,0,0.639
75-6,riser,63,63,R,mPOA,75,1,12,20,0.6,60,0,0,0.639
76-5,nonriser,51,51,L,mPOA,76,1,15,23.00000046,0.6521739,65.21739,7,0.30434782,0.412
76-5,nonriser,51,51,R,mPOA,76,1,15,23.00000046,0.6521739,65.21739,7,0.30434782,0.412
77-12,riser,166,166,L,mPOA,77,1,18,22.99999987,0.7826087,78.26087,0,0,0.575
77-12,riser,166,166,R,mPOA,77,1,18,22.99999987,0.7826087,78.26087,0,0,0.575
78-9,nonriser,31,31,L,mPOA,78,1,0,0,0.1176471,11.76471,0,0,0.947
78-9,nonriser,31,31,R,mPOA,78,1,0,0,0.1176471,11.76471,0,0,0.947
75-10,nonriser,14,14,L,mPOA,75,2,0,0,0,0,0,0,0.484
75-10,nonriser,14,14,R,mPOA,75,2,0,0,0,0,0,0,0.484
76-11,riser,148,148,L,mPOA,76,2,30,60.99999736,0.4918033,49.18033,2,0.032786887,0.489
76-11,riser,148,148,R,mPOA,76,2,30,60.99999736,0.4918033,49.18033,2,0.032786887,0.489
77-3,nonriser,42,42,L,mPOA,77,2,3,12,0.25,25,0,0,0.319
77-3,nonriser,42,42,R,mPOA,77,2,3,12,0.25,25,0,0,0.319
78-5,riser,125,125,L,mPOA,78,2,5,7.00000014,0.7142857,71.42857,0,0,0.585
78-5,riser,125,125,R,mPOA,78,2,5,7.00000014,0.7142857,71.42857,0,0,0.585
75-3,riser,84,84,L,mPOA,75,3,9,27.0000027,0.3333333,33.33333,0,0,0.55
75-3,riser,84,84,R,mPOA,75,3,9,27.0000027,0.3333333,33.33333,0,0,0.55
76-8,nonriser,51,51,L,mPOA,76,3,3,37.99999924,0.07894737,7.894737,8,0.21052632,0.333
76-8,nonriser,51,51,R,mPOA,76,3,3,37.99999924,0.07894737,7.894737,8,0.21052632,0.333
77-6,riser,137,137,L,mPOA,77,3,14,22.99999819,0.6086957,60.86957,0,0,0.462
77-6,riser,137,137,R,mPOA,77,3,14,22.99999819,0.6086957,60.86957,0,0,0.462
78-12,nonriser,12,12,L,mPOA,78,3,0,0,0,0,0,0,0.968
78-12,nonriser,12,12,R,mPOA,78,3,0,0,0,0,0,0,0.968
75-7,nonriser,187,187,L,mPOA,75,4,9,30.99999793,0.2903226,29.03226,4,0.129032267,0.622
75-7,nonriser,187,187,R,mPOA,75,4,9,30.99999793,0.2903226,29.03226,4,0.129032267,0.622
76-6,riser,151,151,L,mPOA,76,4,21,21,1,100,0,0,0.629
76-6,riser,151,151,R,mPOA,76,4,21,21,1,100,0,0,0.629
77-9,nonriser,177,177,L,mPOA,77,4,0,0,0,0,0,0,0.583
77-9,nonriser,177,177,R,mPOA,77,4,0,0,0,0,0,0,0.583
75-5,riser,92,92,L,mPOA,75,5,30,33.00000033,0.9090909,90.90909,0,0,0.64
75-5,riser,92,92,R,mPOA,75,5,30,33.00000033,0.9090909,90.90909,0,0,0.64
76-4,nonriser,95,95,L,mPOA,76,5,4,18.0000018,0.2222222,22.22222,1,0,0.455
76-4,nonriser,95,95,R,mPOA,76,5,4,18.0000018,0.2222222,22.22222,1,0,0.455
77-5,riser,22,22,L,mPOA,77,5,32,35.00000055,0.9142857,91.42857,0,0,0.596
77-5,riser,22,22,R,mPOA,77,5,32,35.00000055,0.9142857,91.42857,0,0,0.596
75-9,nonriser,5,5,L,mPOA,75,6,4,12.0000012,0.3333333,33.33333,0,0,0.321
75-9,nonriser,5,5,R,mPOA,75,6,4,12.0000012,0.3333333,33.33333,0,0,0.321
76-3,riser,10,10,L,mPOA,76,6,16,18.99999917,0.8421053,84.21053,0,0,0.632
76-3,riser,10,10,R,mPOA,76,6,16,18.99999917,0.8421053,84.21053,0,0,0.632
78-11,riser,8,8,L,mPOA,77,6,19,28.00000118,0.6785714,67.85714,1,0.035714284,0.783
78-11,riser,8,8,R,mPOA,77,6,19,28.00000118,0.6785714,67.85714,1,0.035714284,0.783
76-5,nonriser,291,291,L,PAGant,76,1,15,23.00000046,0.6521739,65.21739,7,0.30434782,0.412
76-5,nonriser,291,291,R,PAGant,76,1,15,23.00000046,0.6521739,65.21739,7,0.30434782,0.412
77-12,riser,94,94,L,PAGant,77,1,18,22.99999987,0.7826087,78.26087,0,0,0.575
77-12,riser,94,94,R,PAGant,77,1,18,22.99999987,0.7826087,78.26087,0,0,0.575
78-9,nonriser,77,77,L,PAGant,78,1,0,0,0.1176471,11.76471,0,0,0.947
78-9,nonriser,77,77,R,PAGant,78,1,0,0,0.1176471,11.76471,0,0,0.947
75-10,nonriser,359,359,L,PAGant,75,2,0,0,0,0,0,0,0.484
75-10,nonriser,359,359,R,PAGant,75,2,0,0,0,0,0,0,0.484
76-11,riser,297,297,L,PAGant,76,2,30,60.99999736,0.4918033,49.18033,2,0.032786887,0.489
76-11,riser,297,297,R,PAGant,76,2,30,60.99999736,0.4918033,49.18033,2,0.032786887,0.489
77-3,nonriser,151,151,L,PAGant,77,2,3,12,0.25,25,0,0,0.319
77-3,nonriser,151,151,R,PAGant,77,2,3,12,0.25,25,0,0,0.319
78-5,riser,45,45,L,PAGant,78,2,5,7.00000014,0.7142857,71.42857,0,0,0.585
78-5,riser,45,45,R,PAGant,78,2,5,7.00000014,0.7142857,71.42857,0,0,0.585
75-3,riser,285,285,L,PAGant,75,3,9,27.0000027,0.3333333,33.33333,0,0,0.55
75-3,riser,285,285,R,PAGant,75,3,9,27.0000027,0.3333333,33.33333,0,0,0.55
76-8,nonriser,336,336,L,PAGant,76,3,3,37.99999924,0.07894737,7.894737,8,0.21052632,0.333
76-8,nonriser,336,336,R,PAGant,76,3,3,37.99999924,0.07894737,7.894737,8,0.21052632,0.333
78-12,nonriser,128,128,L,PAGant,78,3,0,0,0,0,0,0,0.968
78-12,nonriser,128,128,R,PAGant,78,3,0,0,0,0,0,0,0.968
75-7,nonriser,147,147,L,PAGant,75,4,9,30.99999793,0.2903226,29.03226,4,0.129032267,0.622
75-7,nonriser,147,147,R,PAGant,75,4,9,30.99999793,0.2903226,29.03226,4,0.129032267,0.622
76-6,riser,363,363,L,PAGant,76,4,21,21,1,100,0,0,0.629
76-6,riser,363,363,R,PAGant,76,4,21,21,1,100,0,0,0.629
77-9,nonriser,211,211,L,PAGant,77,4,0,0,0,0,0,0,0.583
77-9,nonriser,211,211,R,PAGant,77,4,0,0,0,0,0,0,0.583
78-2,riser,432,432,L,PAGant,78,4,15,30,0.5,50,1,0.033333333,0.952
78-2,riser,432,432,R,PAGant,78,4,15,30,0.5,50,1,0.033333333,0.952
75-5,riser,135,135,L,PAGant,75,5,30,33.00000033,0.9090909,90.90909,0,0,0.64
75-5,riser,135,135,R,PAGant,75,5,30,33.00000033,0.9090909,90.90909,0,0,0.64
76-4,nonriser,134,134,L,PAGant,76,5,4,18.0000018,0.2222222,22.22222,1,0,0.455
76-4,nonriser,134,134,R,PAGant,76,5,4,18.0000018,0.2222222,22.22222,1,0,0.455
77-5,riser,63,63,L,PAGant,77,5,32,35.00000055,0.9142857,91.42857,0,0,0.596
77-5,riser,63,63,R,PAGant,77,5,32,35.00000055,0.9142857,91.42857,0,0,0.596
75-9,nonriser,34,34,L,PAGant,75,6,4,12.0000012,0.3333333,33.33333,0,0,0.321
75-9,nonriser,34,34,R,PAGant,75,6,4,12.0000012,0.3333333,33.33333,0,0,0.321
77-7,nonriser,7,7,L,PAGant,77,6,2,8,0.25,25,0,0,0.676
77-7,nonriser,7,7,R,PAGant,77,6,2,8,0.25,25,0,0,0.676
78-11,riser,84,84,L,PAGant,77,6,19,28.00000118,0.6785714,67.85714,1,0.035714284,0.783
78-11,riser,84,84,R,PAGant,77,6,19,28.00000118,0.6785714,67.85714,1,0.035714284,0.783
76-5,nonriser,22.5,26,L,PFC,76,1,15,23.00000046,0.6521739,65.21739,7,0.30434782,0.412
76-5,nonriser,22.5,19,R,PFC,76,1,15,23.00000046,0.6521739,65.21739,7,0.30434782,0.412
77-12,riser,15,12,L,PFC,77,1,18,22.99999987,0.7826087,78.26087,0,0,0.575
77-12,riser,15,18,R,PFC,77,1,18,22.99999987,0.7826087,78.26087,0,0,0.575
78-9,nonriser,8.5,9,L,PFC,78,1,0,0,0.1176471,11.76471,0,0,0.947
78-9,nonriser,8.5,8,R,PFC,78,1,0,0,0.1176471,11.76471,0,0,0.947
75-10,nonriser,6,6,L,PFC,75,2,0,0,0,0,0,0,0.484
75-10,nonriser,13,20,L,PFC,75,2,0,0,0,0,0,0,0.484
76-11,riser,23.5,30,L,PFC,76,2,30,60.99999736,0.4918033,49.18033,2,0.032786887,0.489
76-11,riser,23.5,17,R,PFC,76,2,30,60.99999736,0.4918033,49.18033,2,0.032786887,0.489
78-5,riser,32.5,20,L,PFC,78,2,5,7.00000014,0.7142857,71.42857,0,0,0.585
78-5,riser,32.5,45,R,PFC,78,2,5,7.00000014,0.7142857,71.42857,0,0,0.585
75-3,riser,220.5,180,L,PFC,75,3,9,27.0000027,0.3333333,33.33333,0,0,0.55
75-3,riser,220.5,261,R,PFC,75,3,9,27.0000027,0.3333333,33.33333,0,0,0.55
76-8,nonriser,14,17,L,PFC,76,3,3,37.99999924,0.07894737,7.894737,8,0.21052632,0.333
76-8,nonriser,14,11,R,PFC,76,3,3,37.99999924,0.07894737,7.894737,8,0.21052632,0.333
77-6,riser,108,122,L,PFC,77,3,14,22.99999819,0.6086957,60.86957,0,0,0.462
77-6,riser,108,94,R,PFC,77,3,14,22.99999819,0.6086957,60.86957,0,0,0.462
78-12,nonriser,35.5,21,L,PFC,78,3,0,0,0,0,0,0,0.968
78-12,nonriser,35.5,50,R,PFC,78,3,0,0,0,0,0,0,0.968
75-7,nonriser,53,53,L,PFC,75,4,9,30.99999793,0.2903226,29.03226,4,0.129032267,0.622
76-6,riser,208.5,256,L,PFC,76,4,21,21,1,100,0,0,0.629
76-6,riser,208.5,161,R,PFC,76,4,21,21,1,100,0,0,0.629
77-9,nonriser,21,19,L,PFC,77,4,0,0,0,0,0,0,0.583
77-9,nonriser,21,23,R,PFC,77,4,0,0,0,0,0,0,0.583
78-2,riser,335,302,L,PFC,78,4,15,30,0.5,50,1,0.033333333,0.952
78-2,riser,335,368,R,PFC,78,4,15,30,0.5,50,1,0.033333333,0.952
75-5,riser,433,378,L,PFC,75,5,30,33.00000033,0.9090909,90.90909,0,0,0.64
75-5,riser,433,488,R,PFC,75,5,30,33.00000033,0.9090909,90.90909,0,0,0.64
76-4,nonriser,15,9,L,PFC,76,5,4,18.0000018,0.2222222,22.22222,1,0,0.455
76-4,nonriser,15,21,R,PFC,76,5,4,18.0000018,0.2222222,22.22222,1,0,0.455
77-5,riser,386,386,R,PFC,77,5,32,35.00000055,0.9142857,91.42857,0,0,0.596
75-9,nonriser,,47,L,PFC,75,6,4,12.0000012,0.3333333,33.33333,0,0,0.321
75-9,nonriser,56,65,R,PFC,75,6,4,12.0000012,0.3333333,33.33333,0,0,0.321
76-3,riser,19,19,L,PFC,76,6,16,18.99999917,0.8421053,84.21053,0,0,0.632
76-3,riser,19,19,R,PFC,76,6,16,18.99999917,0.8421053,84.21053,0,0,0.632
77-7,nonriser,12.5,9,L,PFC,77,6,2,8,0.25,25,0,0,0.676
77-7,nonriser,12.5,16,R,PFC,77,6,2,8,0.25,25,0,0,0.676
78-11,riser,282,273,L,PFC,78,6,19,28.00000118,0.6785714,67.85714,1,0.035714284,0.783
78-11,riser,282,291,R,PFC,78,6,19,28.00000118,0.6785714,67.85714,1,0.035714284,0.783
76-5,nonriser,151.5,153,L,Pir,76,1,15,23.00000046,0.6521739,65.21739,7,0.30434782,0.412
76-5,nonriser,151.5,150,R,Pir,76,1,15,23.00000046,0.6521739,65.21739,7,0.30434782,0.412
77-12,riser,163.5,278,L,Pir,77,1,18,22.99999987,0.7826087,78.26087,0,0,0.575
77-12,riser,163.5,49,R,Pir,77,1,18,22.99999987,0.7826087,78.26087,0,0,0.575
78-9,nonriser,32.5,43,L,Pir,78,1,0,0,0.1176471,11.76471,0,0,0.947
78-9,nonriser,32.5,22,R,Pir,78,1,0,0,0.1176471,11.76471,0,0,0.947
75-10,nonriser,119,198,L,Pir,75,2,0,0,0,0,0,0,0.484
75-10,nonriser,119,40,R,Pir,75,2,0,0,0,0,0,0,0.484
76-11,riser,221.5,335,L,Pir,76,2,30,60.99999736,0.4918033,49.18033,2,0.032786887,0.489
76-11,riser,221.5,108,R,Pir,76,2,30,60.99999736,0.4918033,49.18033,2,0.032786887,0.489
77-3,nonriser,9,13,L,Pir,77,2,3,12,0.25,25,0,0,0.319
77-3,nonriser,9,5,R,Pir,77,2,3,12,0.25,25,0,0,0.319
78-5,riser,398.5,310,L,Pir,78,2,5,7.00000014,0.7142857,71.42857,0,0,0.585
78-5,riser,398.5,487,R,Pir,78,2,5,7.00000014,0.7142857,71.42857,0,0,0.585
75-3,riser,290,239,L,Pir,75,3,9,27.0000027,0.3333333,33.33333,0,0,0.55
75-3,riser,290,341,R,Pir,75,3,9,27.0000027,0.3333333,33.33333,0,0,0.55
76-8,nonriser,59,89,L,Pir,76,3,3,37.99999924,0.07894737,7.894737,8,0.21052632,0.333
76-8,nonriser,59,29,R,Pir,76,3,3,37.99999924,0.07894737,7.894737,8,0.21052632,0.333
77-6,riser,363.5,392,L,Pir,77,3,14,22.99999819,0.6086957,60.86957,0,0,0.462
77-6,riser,363.5,335,R,Pir,77,3,14,22.99999819,0.6086957,60.86957,0,0,0.462
78-12,nonriser,182.5,113,L,Pir,78,3,0,0,0,0,0,0,0.968
78-12,nonriser,182.5,252,R,Pir,78,3,0,0,0,0,0,0,0.968
75-7,nonriser,137,15,L,Pir,75,4,9,30.99999793,0.2903226,29.03226,4,0.129032267,0.622
75-7,nonriser,137,259,R,Pir,75,4,9,30.99999793,0.2903226,29.03226,4,0.129032267,0.622
76-6,riser,297,272,L,Pir,76,4,21,21,1,100,0,0,0.629
76-6,riser,297,322,R,Pir,76,4,21,21,1,100,0,0,0.629
77-9,nonriser,157,116,L,Pir,77,4,0,0,0,0,0,0,0.583
77-9,nonriser,157,198,R,Pir,77,4,0,0,0,0,0,0,0.583
78-2,riser,215.5,164,L,Pir,78,4,15,30,0.5,50,1,0.033333333,0.952
78-2,riser,215.5,267,R,Pir,78,4,15,30,0.5,50,1,0.033333333,0.952
75-5,riser,143.5,105,L,Pir,75,5,30,33.00000033,0.9090909,90.90909,0,0,0.64
75-5,riser,143.5,182,R,Pir,75,5,30,33.00000033,0.9090909,90.90909,0,0,0.64
76-4,nonriser,13.5,10,L,Pir,76,5,4,18.0000018,0.2222222,22.22222,1,0,0.455
76-4,nonriser,13.5,17,R,Pir,76,5,4,18.0000018,0.2222222,22.22222,1,0,0.455
77-5,riser,55,33,L,Pir,77,5,32,35.00000055,0.9142857,91.42857,0,0,0.596
77-5,riser,55,77,R,Pir,77,5,32,35.00000055,0.9142857,91.42857,0,0,0.596
75-9,nonriser,2.5,3,L,Pir,75,6,4,12.0000012,0.3333333,33.33333,0,0,0.321
75-9,nonriser,2.5,2,R,Pir,75,6,4,12.0000012,0.3333333,33.33333,0,0,0.321
76-3,riser,6.5,6,L,Pir,76,6,16,18.99999917,0.8421053,84.21053,0,0,0.632
76-3,riser,6.5,7,R,Pir,76,6,16,18.99999917,0.8421053,84.21053,0,0,0.632
77-7,nonriser,30.5,14,L,Pir,77,6,2,8,0.25,25,0,0,0.676
77-7,nonriser,30.5,47,R,Pir,77,6,2,8,0.25,25,0,0,0.676
78-11,riser,29.5,36,L,Pir,77,6,19,28.00000118,0.6785714,67.85714,1,0.035714284,0.783
78-11,riser,29.5,23,R,Pir,77,6,19,28.00000118,0.6785714,67.85714,1,0.035714284,0.783
75-6,riser,51,36,L,PMd,75,1,12,20,0.6,60,0,0,0.639
75-6,riser,51,66,R,PMd,75,1,12,20,0.6,60,0,0,0.639
76-5,nonriser,21.5,26,L,PMd,76,1,15,23.00000046,0.6521739,65.21739,7,0.30434782,0.412
76-5,nonriser,21.5,17,R,PMd,76,1,15,23.00000046,0.6521739,65.21739,7,0.30434782,0.412
77-12,riser,28.5,39,L,PMd,77,1,18,22.99999987,0.7826087,78.26087,0,0,0.575
77-12,riser,28.5,18,R,PMd,77,1,18,22.99999987,0.7826087,78.26087,0,0,0.575
78-9,nonriser,24,20,L,PMd,78,1,0,0,0.1176471,11.76471,0,0,0.947
78-9,nonriser,24,28,R,PMd,78,1,0,0,0.1176471,11.76471,0,0,0.947
75-10,nonriser,8.5,10,L,PMd,75,2,0,0,0,0,0,0,0.484
75-10,nonriser,8.5,7,R,PMd,75,2,0,0,0,0,0,0,0.484
76-11,riser,34.5,50,L,PMd,76,2,30,60.99999736,0.4918033,49.18033,2,0.032786887,0.489
76-11,riser,34.5,19,R,PMd,76,2,30,60.99999736,0.4918033,49.18033,2,0.032786887,0.489
77-3,nonriser,39,41,L,PMd,77,2,3,12,0.25,25,0,0,0.319
77-3,nonriser,39,37,R,PMd,77,2,3,12,0.25,25,0,0,0.319
78-5,riser,15.5,21,L,PMd,78,2,5,7.00000014,0.7142857,71.42857,0,0,0.585
78-5,riser,15.5,10,R,PMd,78,2,5,7.00000014,0.7142857,71.42857,0,0,0.585
75-3,riser,25,34,L,PMd,75,3,9,27.0000027,0.3333333,33.33333,0,0,0.55
75-3,riser,25,16,R,PMd,75,3,9,27.0000027,0.3333333,33.33333,0,0,0.55
76-8,nonriser,26,21,L,PMd,76,3,3,37.99999924,0.07894737,7.894737,8,0.21052632,0.333
76-8,nonriser,26,31,R,PMd,76,3,3,37.99999924,0.07894737,7.894737,8,0.21052632,0.333
77-6,riser,46,48,L,PMd,77,3,14,22.99999819,0.6086957,60.86957,0,0,0.462
77-6,riser,46,44,R,PMd,77,3,14,22.99999819,0.6086957,60.86957,0,0,0.462
78-12,nonriser,28.5,47,L,PMd,78,3,0,0,0,0,0,0,0.968
78-12,nonriser,28.5,10,R,PMd,78,3,0,0,0,0,0,0,0.968
75-7,nonriser,33.5,30,L,PMd,75,4,9,30.99999793,0.2903226,29.03226,4,0.129032267,0.622
75-7,nonriser,33.5,37,R,PMd,75,4,9,30.99999793,0.2903226,29.03226,4,0.129032267,0.622
76-6,riser,31,47,L,PMd,76,4,21,21,1,100,0,0,0.629
76-6,riser,31,15,R,PMd,76,4,21,21,1,100,0,0,0.629
77-9,nonriser,21,34,L,PMd,77,4,0,0,0,0,0,0,0.583
77-9,nonriser,21,8,R,PMd,77,4,0,0,0,0,0,0,0.583
78-2,riser,26,24,L,PMd,78,4,15,30,0.5,50,1,0.033333333,0.952
78-2,riser,26,28,R,PMd,78,4,15,30,0.5,50,1,0.033333333,0.952
75-5,riser,2.5,4,L,PMd,75,5,30,33.00000033,0.9090909,90.90909,0,0,0.64
75-5,riser,2.5,1,R,PMd,75,5,30,33.00000033,0.9090909,90.90909,0,0,0.64
76-4,nonriser,5,7,L,PMd,76,5,4,18.0000018,0.2222222,22.22222,1,0,0.455
76-4,nonriser,5,3,R,PMd,76,5,4,18.0000018,0.2222222,22.22222,1,0,0.455
77-5,riser,9,5,L,PMd,77,5,32,35.00000055,0.9142857,91.42857,0,0,0.596
77-5,riser,9,13,R,PMd,77,5,32,35.00000055,0.9142857,91.42857,0,0,0.596
75-9,nonriser,3,4,L,PMd,75,6,4,12.0000012,0.3333333,33.33333,0,0,0.321
75-9,nonriser,3,2,R,PMd,75,6,4,12.0000012,0.3333333,33.33333,0,0,0.321
76-3,riser,5.5,8,L,PMd,76,6,16,18.99999917,0.8421053,84.21053,0,0,0.632
76-3,riser,5.5,3,R,PMd,76,6,16,18.99999917,0.8421053,84.21053,0,0,0.632
77-7,nonriser,1.5,3,L,PMd,77,6,2,8,0.25,25,0,0,0.676
77-7,nonriser,1.5,0,R,PMd,77,6,2,8,0.25,25,0,0,0.676
78-11,riser,16,21,L,PMd,77,6,19,28.00000118,0.6785714,67.85714,1,0.035714284,0.783
78-11,riser,16,11,R,PMd,77,6,19,28.00000118,0.6785714,67.85714,1,0.035714284,0.783
75-6,riser,80.5,76,L,PMv,75,1,12,20,0.6,60,0,0,0.639
75-6,riser,80.5,85,R,PMv,75,1,12,20,0.6,60,0,0,0.639
76-5,nonriser,24.5,30,L,PMv,76,1,15,23.00000046,0.6521739,65.21739,7,0.30434782,0.412
76-5,nonriser,24.5,19,R,PMv,76,1,15,23.00000046,0.6521739,65.21739,7,0.30434782,0.412
77-12,riser,31.5,33,L,PMv,77,1,18,22.99999987,0.7826087,78.26087,0,0,0.575
77-12,riser,31.5,30,R,PMv,77,1,18,22.99999987,0.7826087,78.26087,0,0,0.575
78-9,nonriser,45.5,53,L,PMv,78,1,0,0,0.1176471,11.76471,0,0,0.947
78-9,nonriser,45.5,38,R,PMv,78,1,0,0,0.1176471,11.76471,0,0,0.947
75-10,nonriser,33.5,19,L,PMv,75,2,0,0,0,0,0,0,0.484
75-10,nonriser,33.5,48,R,PMv,75,2,0,0,0,0,0,0,0.484
76-11,riser,49,67,L,PMv,76,2,30,60.99999736,0.4918033,49.18033,2,0.032786887,0.489
76-11,riser,49,31,R,PMv,76,2,30,60.99999736,0.4918033,49.18033,2,0.032786887,0.489
77-3,nonriser,82.5,74,L,PMv,77,2,3,12,0.25,25,0,0,0.319
77-3,nonriser,82.5,91,R,PMv,77,2,3,12,0.25,25,0,0,0.319
78-5,riser,38.5,47,L,PMv,78,2,5,7.00000014,0.7142857,71.42857,0,0,0.585
78-5,riser,38.5,30,R,PMv,78,2,5,7.00000014,0.7142857,71.42857,0,0,0.585
75-3,riser,66,92,L,PMv,75,3,9,27.0000027,0.3333333,33.33333,0,0,0.55
75-3,riser,66,40,R,PMv,75,3,9,27.0000027,0.3333333,33.33333,0,0,0.55
76-8,nonriser,70.5,91,L,PMv,76,3,3,37.99999924,0.07894737,7.894737,8,0.21052632,0.333
76-8,nonriser,70.5,50,R,PMv,76,3,3,37.99999924,0.07894737,7.894737,8,0.21052632,0.333
77-6,riser,39,25,L,PMv,77,3,14,22.99999819,0.6086957,60.86957,0,0,0.462
77-6,riser,39,53,R,PMv,77,3,14,22.99999819,0.6086957,60.86957,0,0,0.462
78-12,nonriser,60,78,L,PMv,78,3,0,0,0,0,0,0,0.968
78-12,nonriser,60,42,R,PMv,78,3,0,0,0,0,0,0,0.968
75-7,nonriser,22.5,33,L,PMv,75,4,9,30.99999793,0.2903226,29.03226,4,0.129032267,0.622
75-7,nonriser,22.5,12,R,PMv,75,4,9,30.99999793,0.2903226,29.03226,4,0.129032267,0.622
76-6,riser,43.5,33,L,PMv,76,4,21,21,1,100,0,0,0.629
76-6,riser,43.5,54,R,PMv,76,4,21,21,1,100,0,0,0.629
77-9,nonriser,31.5,30,L,PMv,77,4,0,0,0,0,0,0,0.583
77-9,nonriser,31.5,33,R,PMv,77,4,0,0,0,0,0,0,0.583
78-2,riser,48,44,L,PMv,78,4,15,30,0.5,50,1,0.033333333,0.952
78-2,riser,48,52,R,PMv,78,4,15,30,0.5,50,1,0.033333333,0.952
75-5,riser,17,16,L,PMv,75,5,30,33.00000033,0.9090909,90.90909,0,0,0.64
75-5,riser,17,18,R,PMv,75,5,30,33.00000033,0.9090909,90.90909,0,0,0.64
76-4,nonriser,8,8,L,PMv,76,5,4,18.0000018,0.2222222,22.22222,1,0,0.455
76-4,nonriser,8,8,R,PMv,76,5,4,18.0000018,0.2222222,22.22222,1,0,0.455
77-5,riser,22,19,L,PMv,77,5,32,35.00000055,0.9142857,91.42857,0,0,0.596
77-5,riser,22,25,R,PMv,77,5,32,35.00000055,0.9142857,91.42857,0,0,0.596
75-9,nonriser,10.5,9,L,PMv,75,6,4,12.0000012,0.3333333,33.33333,0,0,0.321
75-9,nonriser,10.5,12,R,PMv,75,6,4,12.0000012,0.3333333,33.33333,0,0,0.321
76-3,riser,7,9,L,PMv,76,6,16,18.99999917,0.8421053,84.21053,0,0,0.632
76-3,riser,7,5,R,PMv,76,6,16,18.99999917,0.8421053,84.21053,0,0,0.632
77-7,nonriser,5.5,9,L,PMv,77,6,2,8,0.25,25,0,0,0.676
77-7,nonriser,5.5,2,R,PMv,77,6,2,8,0.25,25,0,0,0.676
78-11,riser,7.5,8,L,PMv,77,6,19,28.00000118,0.6785714,67.85714,1,0.035714284,0.783
78-11,riser,7.5,7,R,PMv,77,6,19,28.00000118,0.6785714,67.85714,1,0.035714284,0.783
76-5,nonriser,23,25,L,PrL,76,1,15,23.00000046,0.6521739,65.21739,7,0.30434782,0.412
76-5,nonriser,23,21,R,PrL,76,1,15,23.00000046,0.6521739,65.21739,7,0.30434782,0.412
77-12,riser,24.5,25,L,PrL,77,1,18,22.99999987,0.7826087,78.26087,0,0,0.575
77-12,riser,24.5,24,R,PrL,77,1,18,22.99999987,0.7826087,78.26087,0,0,0.575
78-9,nonriser,5.5,8,L,PrL,78,1,0,0,0.1176471,11.76471,0,0,0.947
78-9,nonriser,5.5,3,R,PrL,78,1,0,0,0.1176471,11.76471,0,0,0.947
75-10,nonriser,11,8,L,PrL,75,2,0,0,0,0,0,0,0.484
75-10,nonriser,11,14,R,PrL,75,2,0,0,0,0,0,0,0.484
76-11,riser,33,40,L,PrL,76,2,30,60.99999736,0.4918033,49.18033,2,0.032786887,0.489
76-11,riser,33,26,R,PrL,76,2,30,60.99999736,0.4918033,49.18033,2,0.032786887,0.489
77-3,nonriser,0.5,0,L,PrL,77,2,3,12,0.25,25,0,0,0.319
77-3,nonriser,0.5,1,R,PrL,77,2,3,12,0.25,25,0,0,0.319
78-5,riser,46.5,50,L,PrL,78,2,5,7.00000014,0.7142857,71.42857,0,0,0.585
78-5,riser,46.5,43,R,PrL,78,2,5,7.00000014,0.7142857,71.42857,0,0,0.585
75-3,riser,205.5,198,L,PrL,75,3,9,27.0000027,0.3333333,33.33333,0,0,0.55
75-3,riser,205.5,213,R,PrL,75,3,9,27.0000027,0.3333333,33.33333,0,0,0.55
76-8,nonriser,20.5,25,L,PrL,76,3,3,37.99999924,0.07894737,7.894737,8,0.21052632,0.333
76-8,nonriser,20.5,16,R,PrL,76,3,3,37.99999924,0.07894737,7.894737,8,0.21052632,0.333
77-6,riser,68.5,101,L,PrL,77,3,14,22.99999819,0.6086957,60.86957,0,0,0.462
77-6,riser,68.5,36,R,PrL,77,3,14,22.99999819,0.6086957,60.86957,0,0,0.462
78-12,nonriser,25,26,L,PrL,78,3,0,0,0,0,0,0,0.968
78-12,nonriser,25,24,R,PrL,78,3,0,0,0,0,0,0,0.968
75-7,nonriser,22,9,L,PrL,75,4,9,30.99999793,0.2903226,29.03226,4,0.129032267,0.622
75-7,nonriser,22,35,R,PrL,75,4,9,30.99999793,0.2903226,29.03226,4,0.129032267,0.622
76-6,riser,172,164,L,PrL,76,4,21,21,1,100,0,0,0.629
76-6,riser,172,180,R,PrL,76,4,21,21,1,100,0,0,0.629
77-9,nonriser,16.5,16,L,PrL,77,4,0,0,0,0,0,0,0.583
77-9,nonriser,16.5,17,R,PrL,77,4,0,0,0,0,0,0,0.583
78-2,riser,291.5,283,L,PrL,78,4,15,30,0.5,50,1,0.033333333,0.952
78-2,riser,291.5,300,R,PrL,78,4,15,30,0.5,50,1,0.033333333,0.952
75-5,riser,332.5,287,L,PrL,75,5,30,33.00000033,0.9090909,90.90909,0,0,0.64
75-5,riser,332.5,378,R,PrL,75,5,30,33.00000033,0.9090909,90.90909,0,0,0.64
76-4,nonriser,10,10,L,PrL,76,5,4,18.0000018,0.2222222,22.22222,1,0,0.455
76-4,nonriser,10,10,R,PrL,76,5,4,18.0000018,0.2222222,22.22222,1,0,0.455
77-5,riser,185,185,R,PrL,77,5,32,35.00000055,0.9142857,91.42857,0,0,0.596
75-9,nonriser,57,46,L,PrL,75,6,4,12.0000012,0.3333333,33.33333,0,0,0.321
75-9,nonriser,57,68,R,PrL,75,6,4,12.0000012,0.3333333,33.33333,0,0,0.321
76-3,riser,21,19,L,PrL,76,6,16,18.99999917,0.8421053,84.21053,0,0,0.632
76-3,riser,21,23,R,PrL,76,6,16,18.99999917,0.8421053,84.21053,0,0,0.632
77-7,nonriser,6,5,L,PrL,77,6,2,8,0.25,25,0,0,0.676
77-7,nonriser,6,7,R,PrL,77,6,2,8,0.25,25,0,0,0.676
78-11,riser,206,268,L,PrL,77,6,19,28.00000118,0.6785714,67.85714,1,0.035714284,0.783
78-11,riser,206,144,R,PrL,77,6,19,28.00000118,0.6785714,67.85714,1,0.035714284,0.783
75-6,riser,43.5,0,L,RC,75,1,12,20,0.6,60,0,0,0.639
75-6,riser,43.5,0,R,RC,75,1,12,20,0.6,60,0,0,0.639
76-5,nonriser,4.5,5,L,RC,76,1,15,23.00000046,0.6521739,65.21739,7,0.30434782,0.412
76-5,nonriser,4.5,4,R,RC,76,1,15,23.00000046,0.6521739,65.21739,7,0.30434782,0.412
77-12,riser,10,15,L,RC,77,1,18,22.99999987,0.7826087,78.26087,0,0,0.575
77-12,riser,10,5,R,RC,77,1,18,22.99999987,0.7826087,78.26087,0,0,0.575
78-9,nonriser,1.5,2,L,RC,78,1,0,0,0.1176471,11.76471,0,0,0.947
78-9,nonriser,1.5,1,R,RC,78,1,0,0,0.1176471,11.76471,0,0,0.947
75-10,nonriser,1,1,L,RC,75,2,0,0,0,0,0,0,0.484
75-10,nonriser,1,1,R,RC,75,2,0,0,0,0,0,0,0.484
76-11,riser,1.5,1,L,RC,76,2,30,60.99999736,0.4918033,49.18033,2,0.032786887,0.489
76-11,riser,1.5,2,R,RC,76,2,30,60.99999736,0.4918033,49.18033,2,0.032786887,0.489
77-3,nonriser,1.5,3,L,RC,77,2,3,12,0.25,25,0,0,0.319
77-3,nonriser,1.5,0,R,RC,77,2,3,12,0.25,25,0,0,0.319
78-5,riser,2.5,4,L,RC,78,2,5,7.00000014,0.7142857,71.42857,0,0,0.585
78-5,riser,2.5,1,R,RC,78,2,5,7.00000014,0.7142857,71.42857,0,0,0.585
75-3,riser,20,48,L,RC,75,3,9,27.0000027,0.3333333,33.33333,0,0,0.55
75-3,riser,20,39,R,RC,75,3,9,27.0000027,0.3333333,33.33333,0,0,0.55
76-8,nonriser,1.5,2,L,RC,76,3,3,37.99999924,0.07894737,7.894737,8,0.21052632,0.333
76-8,nonriser,1.5,1,R,RC,76,3,3,37.99999924,0.07894737,7.894737,8,0.21052632,0.333
77-6,riser,85.5,121,L,RC,77,3,14,22.99999819,0.6086957,60.86957,0,0,0.462
77-6,riser,85.5,50,R,RC,77,3,14,22.99999819,0.6086957,60.86957,0,0,0.462
78-12,nonriser,3,0,L,RC,78,3,0,0,0,0,0,0,0.968
78-12,nonriser,3,6,R,RC,78,3,0,0,0,0,0,0,0.968
75-7,nonriser,0,13,L,RC,75,4,9,30.99999793,0.2903226,29.03226,4,0.129032267,0.622
75-7,nonriser,0,27,R,RC,75,4,9,30.99999793,0.2903226,29.03226,4,0.129032267,0.622
76-6,riser,80.5,121,L,RC,76,4,21,21,1,100,0,0,0.629
76-6,riser,80.5,40,R,RC,76,4,21,21,1,100,0,0,0.629
77-9,nonriser,18,10,L,RC,77,4,0,0,0,0,0,0,0.583
77-9,nonriser,18,26,R,RC,77,4,0,0,0,0,0,0,0.583
78-2,riser,149.5,209,L,RC,78,4,15,30,0.5,50,1,0.033333333,0.952
78-2,riser,149.5,90,R,RC,78,4,15,30,0.5,50,1,0.033333333,0.952
76-4,nonriser,3,2,L,RC,76,5,4,18.0000018,0.2222222,22.22222,1,0,0.455
76-4,nonriser,3,4,R,RC,76,5,4,18.0000018,0.2222222,22.22222,1,0,0.455
77-5,riser,3,1,L,RC,77,5,32,35.00000055,0.9142857,91.42857,0,0,0.596
77-5,riser,3,5,R,RC,77,5,32,35.00000055,0.9142857,91.42857,0,0,0.596
75-9,nonriser,0.5,1,L,RC,75,6,4,12.0000012,0.3333333,33.33333,0,0,0.321
75-9,nonriser,0.5,0,R,RC,75,6,4,12.0000012,0.3333333,33.33333,0,0,0.321
76-3,riser,5.5,11,L,RC,76,6,16,18.99999917,0.8421053,84.21053,0,0,0.632
76-3,riser,5.5,0,R,RC,76,6,16,18.99999917,0.8421053,84.21053,0,0,0.632
77-7,nonriser,2.5,3,L,RC,77,6,2,8,0.25,25,0,0,0.676
77-7,nonriser,2.5,2,R,RC,77,6,2,8,0.25,25,0,0,0.676
78-11,riser,0,0,L,RC,78,6,19,28.00000118,0.6785714,67.85714,1,0.035714284,0.783
78-11,riser,0,0,R,RC,78,6,19,28.00000118,0.6785714,67.85714,1,0.035714284,0.783
76-5,nonriser,16.5,4,L,Vis,76,1,15,23.00000046,0.6521739,65.21739,7,0.30434782,0.412
76-5,nonriser,16.5,29,R,Vis,76,1,15,23.00000046,0.6521739,65.21739,7,0.30434782,0.412
77-12,riser,22,21,L,Vis,77,1,18,22.99999987,0.7826087,78.26087,0,0,0.575
77-12,riser,22,23,R,Vis,77,1,18,22.99999987,0.7826087,78.26087,0,0,0.575
78-9,nonriser,2.5,1,L,Vis,78,1,0,0,0.1176471,11.76471,0,0,0.947
78-9,nonriser,2.5,4,R,Vis,78,1,0,0,0.1176471,11.76471,0,0,0.947
75-10,nonriser,43,63,L,Vis,75,2,0,0,0,0,0,0,0.484
75-10,nonriser,43,23,R,Vis,75,2,0,0,0,0,0,0,0.484
76-11,riser,105.5,66,L,Vis,76,2,30,60.99999736,0.4918033,49.18033,2,0.032786887,0.489
76-11,riser,105.5,145,R,Vis,76,2,30,60.99999736,0.4918033,49.18033,2,0.032786887,0.489
77-3,nonriser,1.5,3,L,Vis,77,2,3,12,0.25,25,0,0,0.319
77-3,nonriser,1.5,0,R,Vis,77,2,3,12,0.25,25,0,0,0.319
78-5,riser,112,129,L,Vis,78,2,5,7.00000014,0.7142857,71.42857,0,0,0.585
78-5,riser,112,95,R,Vis,78,2,5,7.00000014,0.7142857,71.42857,0,0,0.585
75-3,riser,375,332,L,Vis,75,3,9,27.0000027,0.3333333,33.33333,0,0,0.55
75-3,riser,375,418,R,Vis,75,3,9,27.0000027,0.3333333,33.33333,0,0,0.55
76-8,nonriser,13.5,17,L,Vis,76,3,3,37.99999924,0.07894737,7.894737,8,0.21052632,0.333
76-8,nonriser,13.5,10,R,Vis,76,3,3,37.99999924,0.07894737,7.894737,8,0.21052632,0.333
77-6,riser,92,81,L,Vis,77,3,14,22.99999819,0.6086957,60.86957,0,0,0.462
77-6,riser,92,103,R,Vis,77,3,14,22.99999819,0.6086957,60.86957,0,0,0.462
78-12,nonriser,36.5,32,L,Vis,78,3,0,0,0,0,0,0,0.968
78-12,nonriser,36.5,41,R,Vis,78,3,0,0,0,0,0,0,0.968
75-7,nonriser,32.5,35,L,Vis,75,4,9,30.99999793,0.2903226,29.03226,4,0.129032267,0.622
75-7,nonriser,32.5,30,R,Vis,75,4,9,30.99999793,0.2903226,29.03226,4,0.129032267,0.622
76-6,riser,465.5,511,L,Vis,76,4,21,21,1,100,0,0,0.629
76-6,riser,465.5,420,R,Vis,76,4,21,21,1,100,0,0,0.629
77-9,nonriser,38,56,L,Vis,77,4,0,0,0,0,0,0,0.583
77-9,nonriser,38,20,R,Vis,77,4,0,0,0,0,0,0,0.583
78-2,riser,221.5,330,L,Vis,78,4,15,30,0.5,50,1,0.033333333,0.952
78-2,riser,221.5,113,R,Vis,78,4,15,30,0.5,50,1,0.033333333,0.952
75-5,riser,103.5,91,L,Vis,75,5,30,33.00000033,0.9090909,90.90909,0,0,0.64
75-5,riser,103.5,116,R,Vis,75,5,30,33.00000033,0.9090909,90.90909,0,0,0.64
76-4,nonriser,1.5,1,L,Vis,76,5,4,18.0000018,0.2222222,22.22222,1,0,0.455
76-4,nonriser,1.5,2,R,Vis,76,5,4,18.0000018,0.2222222,22.22222,1,0,0.455
77-5,riser,9,9,R,Vis,77,5,32,35.00000055,0.9142857,91.42857,0,0,0.596
75-9,nonriser,1.5,0,L,Vis,75,6,4,12.0000012,0.3333333,33.33333,0,0,0.321
75-9,nonriser,1.5,3,R,Vis,75,6,4,12.0000012,0.3333333,33.33333,0,0,0.321
76-3,riser,0,0,L,Vis,76,6,16,18.99999917,0.8421053,84.21053,0,0,0.632
76-3,riser,0,0,R,Vis,76,6,16,18.99999917,0.8421053,84.21053,0,0,0.632
77-7,nonriser,4,4,L,Vis,77,6,2,8,0.25,25,0,0,0.676
77-7,nonriser,4,4,R,Vis,77,6,2,8,0.25,25,0,0,0.676
78-11,riser,4.5,8,L,Vis,77,6,19,28.00000118,0.6785714,67.85714,1,0.035714284,0.783
78-11,riser,4.5,1,R,Vis,77,6,19,28.00000118,0.6785714,67.85714,1,0.035714284,0.783
76-5,nonriser,3,3,L,vlPAG,76,1,15,23.00000046,0.6521739,65.21739,7,0.30434782,0.412
76-5,nonriser,3,3,R,vlPAG,76,1,15,23.00000046,0.6521739,65.21739,7,0.30434782,0.412
77-12,riser,5,6,L,vlPAG,77,1,18,22.99999987,0.7826087,78.26087,0,0,0.575
77-12,riser,5,4,R,vlPAG,77,1,18,22.99999987,0.7826087,78.26087,0,0,0.575
78-9,nonriser,5.5,4,L,vlPAG,78,1,0,0,0.1176471,11.76471,0,0,0.947
78-9,nonriser,5.5,7,R,vlPAG,78,1,0,0,0.1176471,11.76471,0,0,0.947
75-10,nonriser,17,21,L,vlPAG,75,2,0,0,0,0,0,0,0.484
75-10,nonriser,17,13,R,vlPAG,75,2,0,0,0,0,0,0,0.484
76-11,riser,14,21,L,vlPAG,76,2,30,60.99999736,0.4918033,49.18033,2,0.032786887,0.489
76-11,riser,14,7,R,vlPAG,76,2,30,60.99999736,0.4918033,49.18033,2,0.032786887,0.489
77-3,nonriser,4,6,L,vlPAG,77,2,3,12,0.25,25,0,0,0.319
77-3,nonriser,4,2,R,vlPAG,77,2,3,12,0.25,25,0,0,0.319
78-5,riser,3.5,7,L,vlPAG,78,2,5,7.00000014,0.7142857,71.42857,0,0,0.585
78-5,riser,3.5,0,R,vlPAG,78,2,5,7.00000014,0.7142857,71.42857,0,0,0.585
75-3,riser,10,6,L,vlPAG,75,3,9,27.0000027,0.3333333,33.33333,0,0,0.55
75-3,riser,10,14,R,vlPAG,75,3,9,27.0000027,0.3333333,33.33333,0,0,0.55
76-8,nonriser,17,22,L,vlPAG,76,3,3,37.99999924,0.07894737,7.894737,8,0.21052632,0.333
76-8,nonriser,17,12,R,vlPAG,76,3,3,37.99999924,0.07894737,7.894737,8,0.21052632,0.333
78-12,nonriser,3.5,5,L,vlPAG,78,3,0,0,0,0,0,0,0.968
78-12,nonriser,3.5,2,R,vlPAG,78,3,0,0,0,0,0,0,0.968
75-7,nonriser,10,16,L,vlPAG,75,4,9,30.99999793,0.2903226,29.03226,4,0.129032267,0.622
75-7,nonriser,10,4,R,vlPAG,75,4,9,30.99999793,0.2903226,29.03226,4,0.129032267,0.622
76-6,riser,33.5,41,L,vlPAG,76,4,21,21,1,100,0,0,0.629
76-6,riser,33.5,26,R,vlPAG,76,4,21,21,1,100,0,0,0.629
77-9,nonriser,1.5,3,L,vlPAG,77,4,0,0,0,0,0,0,0.583
77-9,nonriser,1.5,0,R,vlPAG,77,4,0,0,0,0,0,0,0.583
78-2,riser,35.5,46,L,vlPAG,78,4,15,30,0.5,50,1,0.033333333,0.952
78-2,riser,35.5,25,R,vlPAG,78,4,15,30,0.5,50,1,0.033333333,0.952
75-5,riser,6.5,3,L,vlPAG,75,5,30,33.00000033,0.9090909,90.90909,0,0,0.64
75-5,riser,6.5,10,R,vlPAG,75,5,30,33.00000033,0.9090909,90.90909,0,0,0.64
76-4,nonriser,5,3,L,vlPAG,76,5,4,18.0000018,0.2222222,22.22222,1,0,0.455
76-4,nonriser,5,7,R,vlPAG,76,5,4,18.0000018,0.2222222,22.22222,1,0,0.455
77-5,riser,4,3,L,vlPAG,77,5,32,35.00000055,0.9142857,91.42857,0,0,0.596
77-5,riser,4,5,R,vlPAG,77,5,32,35.00000055,0.9142857,91.42857,0,0,0.596
75-9,nonriser,1.5,1,L,vlPAG,75,6,4,12.0000012,0.3333333,33.33333,0,0,0.321
75-9,nonriser,1.5,2,R,vlPAG,75,6,4,12.0000012,0.3333333,33.33333,0,0,0.321
77-7,nonriser,1.5,2,L,vlPAG,77,6,2,8,0.25,25,0,0,0.676
77-7,nonriser,1.5,1,R,vlPAG,77,6,2,8,0.25,25,0,0,0.676
78-11,riser,2,2,L,vlPAG,77,6,19,28.00000118,0.6785714,67.85714,1,0.035714284,0.783
78-11,riser,2,2,R,vlPAG,77,6,19,28.00000118,0.6785714,67.85714,1,0.035714284,0.783
75-6,riser,57.5,33,L,VMH,75,1,12,20,0.6,60,0,0,0.639
75-6,riser,57.5,82,R,VMH,75,1,12,20,0.6,60,0,0,0.639
76-5,nonriser,10.5,10,L,VMH,76,1,15,23.00000046,0.6521739,65.21739,7,0.30434782,0.412
76-5,nonriser,10.5,11,R,VMH,76,1,15,23.00000046,0.6521739,65.21739,7,0.30434782,0.412
77-12,riser,15.5,28,L,VMH,77,1,18,22.99999987,0.7826087,78.26087,0,0,0.575
77-12,riser,15.5,3,R,VMH,77,1,18,22.99999987,0.7826087,78.26087,0,0,0.575
78-9,nonriser,2.5,5,L,VMH,78,1,0,0,0.1176471,11.76471,0,0,0.947
78-9,nonriser,2.5,0,R,VMH,78,1,0,0,0.1176471,11.76471,0,0,0.947
75-10,nonriser,13,17,L,VMH,75,2,0,0,0,0,0,0,0.484
75-10,nonriser,13,9,R,VMH,75,2,0,0,0,0,0,0,0.484
76-11,riser,2.5,3,L,VMH,76,2,30,60.99999736,0.4918033,49.18033,2,0.032786887,0.489
76-11,riser,2.5,2,R,VMH,76,2,30,60.99999736,0.4918033,49.18033,2,0.032786887,0.489
77-3,nonriser,6.5,5,L,VMH,77,2,3,12,0.25,25,0,0,0.319
77-3,nonriser,6.5,8,R,VMH,77,2,3,12,0.25,25,0,0,0.319
78-5,riser,8,3,L,VMH,78,2,5,7.00000014,0.7142857,71.42857,0,0,0.585
78-5,riser,8,13,R,VMH,78,2,5,7.00000014,0.7142857,71.42857,0,0,0.585
75-3,riser,10.5,13,L,VMH,75,3,9,27.0000027,0.3333333,33.33333,0,0,0.55
75-3,riser,10.5,8,R,VMH,75,3,9,27.0000027,0.3333333,33.33333,0,0,0.55
76-8,nonriser,3,4,L,VMH,76,3,3,37.99999924,0.07894737,7.894737,8,0.21052632,0.333
76-8,nonriser,3,2,R,VMH,76,3,3,37.99999924,0.07894737,7.894737,8,0.21052632,0.333
77-6,riser,67.5,75,L,VMH,77,3,14,22.99999819,0.6086957,60.86957,0,0,0.462
77-6,riser,67.5,60,R,VMH,77,3,14,22.99999819,0.6086957,60.86957,0,0,0.462
78-12,nonriser,0.5,1,L,VMH,78,3,0,0,0,0,0,0,0.968
78-12,nonriser,0.5,0,R,VMH,78,3,0,0,0,0,0,0,0.968
75-7,nonriser,42,42,L,VMH,75,4,9,30.99999793,0.2903226,29.03226,4,0.129032267,0.622
75-7,nonriser,42,42,R,VMH,75,4,9,30.99999793,0.2903226,29.03226,4,0.129032267,0.622
76-6,riser,29,35,L,VMH,76,4,21,21,1,100,0,0,0.629
76-6,riser,29,23,R,VMH,76,4,21,21,1,100,0,0,0.629
77-9,nonriser,2,1,L,VMH,77,4,0,0,0,0,0,0,0.583
77-9,nonriser,2,3,R,VMH,77,4,0,0,0,0,0,0,0.583
78-2,riser,30,24,L,VMH,78,4,15,30,0.5,50,1,0.033333333,0.952
78-2,riser,30,36,R,VMH,78,4,15,30,0.5,50,1,0.033333333,0.952
75-5,riser,5,6,L,VMH,75,5,30,33.00000033,0.9090909,90.90909,0,0,0.64
75-5,riser,5,4,R,VMH,75,5,30,33.00000033,0.9090909,90.90909,0,0,0.64
76-4,nonriser,4.5,6,L,VMH,76,5,4,18.0000018,0.2222222,22.22222,1,0,0.455
76-4,nonriser,4.5,3,R,VMH,76,5,4,18.0000018,0.2222222,22.22222,1,0,0.455
77-5,riser,1,1,L,VMH,77,5,32,35.00000055,0.9142857,91.42857,0,0,0.596
77-5,riser,1,1,R,VMH,77,5,32,35.00000055,0.9142857,91.42857,0,0,0.596
75-9,nonriser,1,1,L,VMH,75,6,4,12.0000012,0.3333333,33.33333,0,0,0.321
75-9,nonriser,1,1,R,VMH,75,6,4,12.0000012,0.3333333,33.33333,0,0,0.321
76-3,riser,5.5,7,L,VMH,76,6,16,18.99999917,0.8421053,84.21053,0,0,0.632
76-3,riser,5.5,4,R,VMH,76,6,16,18.99999917,0.8421053,84.21053,0,0,0.632
77-7,nonriser,4.5,5,L,VMH,77,6,2,8,0.25,25,0,0,0.676
77-7,nonriser,4.5,4,R,VMH,77,6,2,8,0.25,25,0,0,0.676
78-11,riser,1.5,2,L,VMH,77,6,19,28.00000118,0.6785714,67.85714,1,0.035714284,0.783
78-11,riser,1.5,1,R,VMH,77,6,19,28.00000118,0.6785714,67.85714,1,0.035714284,0.783
